task,algorithm,seed,num_samples,noise_level,temperature,sigma_start,sigma_min,num_elites,explore_fraction,beta_opt_iter,beta_horizon,initial_noise_level,minimum_noise_level,maximum_noise_level,covariance_adaptation_rate,initial_entropy_bonus,final_entropy_bonus,cost,wall_time_s,status,error
pendulum,ps,0,256,0.05,,,,,,,,,,,,,,10.117749214172363,0.7507822513580322,ok,
pendulum,ps,0,256,0.1,,,,,,,,,,,,,,8.91927719116211,0.6926460266113281,ok,
pendulum,ps,0,256,0.3,,,,,,,,,,,,,,8.55062198638916,0.7019026279449463,ok,
pendulum,ps,0,256,0.5,,,,,,,,,,,,,,8.115245819091797,0.6971056461334229,ok,
pendulum,ps,0,256,1.0,,,,,,,,,,,,,,7.858997821807861,0.7174174785614014,ok,
pendulum,mppi,0,256,0.1,0.01,,,,,,,,,,,,,9.993276596069336,0.6978302001953125,ok,
pendulum,mppi,0,256,0.1,0.1,,,,,,,,,,,,,11.986799240112305,0.688652753829956,ok,
pendulum,mppi,0,256,0.1,0.5,,,,,,,,,,,,,11.99763011932373,0.6896579265594482,ok,
pendulum,mppi,0,256,0.1,1.0,,,,,,,,,,,,,11.997930526733398,0.694467306137085,ok,
pendulum,mppi,0,256,0.3,0.01,,,,,,,,,,,,,8.434539794921875,0.6881592273712158,ok,
pendulum,mppi,0,256,0.3,0.1,,,,,,,,,,,,,10.357404708862305,0.6843101978302002,ok,
pendulum,mppi,0,256,0.3,0.5,,,,,,,,,,,,,11.905413627624512,0.6967692375183105,ok,
pendulum,mppi,0,256,0.3,1.0,,,,,,,,,,,,,11.951985359191895,0.773310661315918,ok,
pendulum,mppi,0,256,0.5,0.01,,,,,,,,,,,,,8.152755737304688,0.686652421951294,ok,
pendulum,mppi,0,256,0.5,0.1,,,,,,,,,,,,,8.714695930480957,0.693310022354126,ok,
pendulum,mppi,0,256,0.5,0.5,,,,,,,,,,,,,11.95938777923584,0.6981866359710693,ok,
pendulum,mppi,0,256,0.5,1.0,,,,,,,,,,,,,11.981322288513184,0.685999870300293,ok,
pendulum,mppi,0,256,1.0,0.01,,,,,,,,,,,,,7.998008728027344,0.6954851150512695,ok,
pendulum,mppi,0,256,1.0,0.1,,,,,,,,,,,,,8.442093849182129,0.6955471038818359,ok,
pendulum,mppi,0,256,1.0,0.5,,,,,,,,,,,,,11.997331619262695,0.6971597671508789,ok,
pendulum,mppi,0,256,1.0,1.0,,,,,,,,,,,,,11.9988374710083,0.6883387565612793,ok,
pendulum,cem,0,256,,,0.1,0.001,4,0.0,,,,,,,,,11.95317268371582,0.7037160396575928,ok,
pendulum,cem,0,256,,,0.1,0.001,8,0.0,,,,,,,,,11.923514366149902,0.6978964805603027,ok,
pendulum,cem,0,256,,,0.1,0.001,16,0.0,,,,,,,,,11.185072898864746,0.6918301582336426,ok,
pendulum,cem,0,256,,,0.3,0.001,4,0.0,,,,,,,,,11.336441993713379,0.7955801486968994,ok,
pendulum,cem,0,256,,,0.3,0.001,8,0.0,,,,,,,,,11.141282081604004,0.6979284286499023,ok,
pendulum,cem,0,256,,,0.3,0.001,16,0.0,,,,,,,,,11.1449556350708,0.6952908039093018,ok,
pendulum,cem,0,256,,,0.5,0.001,4,0.0,,,,,,,,,11.115630149841309,0.7083079814910889,ok,
pendulum,cem,0,256,,,0.5,0.001,8,0.0,,,,,,,,,11.122041702270508,0.6931474208831787,ok,
pendulum,cem,0,256,,,0.5,0.001,16,0.0,,,,,,,,,11.142455101013184,0.7016866207122803,ok,
pendulum,cem,0,256,,,1.0,0.001,4,0.0,,,,,,,,,11.121646881103516,0.705559492111206,ok,
pendulum,cem,0,256,,,1.0,0.001,8,0.0,,,,,,,,,11.12399673461914,0.7906677722930908,ok,
pendulum,cem,0,256,,,1.0,0.001,16,0.0,,,,,,,,,11.136772155761719,0.6985716819763184,ok,
pendulum,dial,0,256,1.0,0.01,,,,,0.5,0.5,,,,,,,9.074606895446777,0.6812093257904053,ok,
pendulum,dial,0,256,1.0,0.01,,,,,0.5,1.0,,,,,,,8.282366752624512,0.6903185844421387,ok,
pendulum,dial,0,256,1.0,0.01,,,,,0.5,2.0,,,,,,,8.070189476013184,0.6832714080810547,ok,
pendulum,dial,0,256,1.0,0.01,,,,,1.0,0.5,,,,,,,9.074606895446777,0.6869091987609863,ok,
pendulum,dial,0,256,1.0,0.01,,,,,1.0,1.0,,,,,,,8.282366752624512,0.6847324371337891,ok,
pendulum,dial,0,256,1.0,0.01,,,,,1.0,2.0,,,,,,,8.070189476013184,0.6880583763122559,ok,
pendulum,dial,0,256,1.0,0.01,,,,,2.0,0.5,,,,,,,9.074606895446777,0.6841342449188232,ok,
pendulum,dial,0,256,1.0,0.01,,,,,2.0,1.0,,,,,,,8.282366752624512,0.7066256999969482,ok,
pendulum,dial,0,256,1.0,0.01,,,,,2.0,2.0,,,,,,,8.070189476013184,0.6879186630249023,ok,
pendulum,mppi_cma,0,256,,0.01,,,,,,,1.0,0.001,,0.05,,,8.234100341796875,0.7011425495147705,ok,
pendulum,mppi_cma,0,256,,0.1,,,,,,,1.0,0.001,,0.05,,,9.010542869567871,2.5686728954315186,ok,
pendulum,mppi_cma,0,256,,0.5,,,,,,,1.0,0.001,,0.05,,,11.953906059265137,2.5008041858673096,ok,
pendulum,mppi_cma,0,256,,1.0,,,,,,,1.0,0.001,,0.05,,,11.992156982421875,2.4950594902038574,ok,
pendulum,mppi_cma,0,256,,0.01,,,,,,,1.0,0.001,,0.1,,,9.207032203674316,0.7173681259155273,ok,
pendulum,mppi_cma,0,256,,0.1,,,,,,,1.0,0.001,,0.1,,,10.407835006713867,2.4863691329956055,ok,
pendulum,mppi_cma,0,256,,0.5,,,,,,,1.0,0.001,,0.1,,,11.9152193069458,2.4939088821411133,ok,
pendulum,mppi_cma,0,256,,1.0,,,,,,,1.0,0.001,,0.1,,,11.967758178710938,2.502774715423584,ok,
pendulum,mppi_cma,0,256,,0.01,,,,,,,1.0,0.001,,0.3,,,10.193242073059082,0.7013082504272461,ok,
pendulum,mppi_cma,0,256,,0.1,,,,,,,1.0,0.001,,0.3,,,11.3819580078125,2.508143424987793,ok,
pendulum,mppi_cma,0,256,,0.5,,,,,,,1.0,0.001,,0.3,,,11.858543395996094,2.5025134086608887,ok,
pendulum,mppi_cma,0,256,,1.0,,,,,,,1.0,0.001,,0.3,,,11.925868034362793,2.498091220855713,ok,
pendulum,mppi_cma,0,256,,0.01,,,,,,,1.0,0.001,,1.0,,,11.12973403930664,0.7123680114746094,ok,
pendulum,mppi_cma,0,256,,0.1,,,,,,,1.0,0.001,,1.0,,,11.316132545471191,2.5198957920074463,ok,
pendulum,mppi_cma,0,256,,0.5,,,,,,,1.0,0.001,,1.0,,,11.929451942443848,2.5050628185272217,ok,
pendulum,mppi_cma,0,256,,1.0,,,,,,,1.0,0.001,,1.0,,,11.94766616821289,2.5077662467956543,ok,
pendulum,er_cma,0,256,,0.01,,,,,,,1.0,0.001,1.0,0.05,0.0,0.1,8.234870910644531,0.7094376087188721,ok,
pendulum,er_cma,0,256,,0.1,,,,,,,1.0,0.001,1.0,0.05,0.0,0.1,8.979795455932617,2.5269057750701904,ok,
pendulum,er_cma,0,256,,0.5,,,,,,,1.0,0.001,1.0,0.05,0.0,0.1,11.954268455505371,2.6327998638153076,ok,
pendulum,er_cma,0,256,,1.0,,,,,,,1.0,0.001,1.0,0.05,0.0,0.1,11.993305206298828,2.544912815093994,ok,
pendulum,er_cma,0,256,,0.01,,,,,,,1.0,0.001,1.0,0.1,0.0,0.1,9.207343101501465,0.7129459381103516,ok,
pendulum,er_cma,0,256,,0.1,,,,,,,1.0,0.001,1.0,0.1,0.0,0.1,10.407058715820312,2.5623958110809326,ok,
pendulum,er_cma,0,256,,0.5,,,,,,,1.0,0.001,1.0,0.1,0.0,0.1,11.9160795211792,2.520376205444336,ok,
pendulum,er_cma,0,256,,1.0,,,,,,,1.0,0.001,1.0,0.1,0.0,0.1,11.970474243164062,2.634124279022217,ok,
pendulum,er_cma,0,256,,0.01,,,,,,,1.0,0.001,1.0,0.3,0.0,0.1,10.198984146118164,0.7165908813476562,ok,
pendulum,er_cma,0,256,,0.1,,,,,,,1.0,0.001,1.0,0.3,0.0,0.1,11.381311416625977,2.519379138946533,ok,
pendulum,er_cma,0,256,,0.5,,,,,,,1.0,0.001,1.0,0.3,0.0,0.1,11.858696937561035,2.5121421813964844,ok,
pendulum,er_cma,0,256,,1.0,,,,,,,1.0,0.001,1.0,0.3,0.0,0.1,11.929917335510254,2.505307912826538,ok,
pendulum,er_cma,0,256,,0.01,,,,,,,1.0,0.001,1.0,1.0,0.0,0.1,11.131704330444336,0.7062122821807861,ok,
pendulum,er_cma,0,256,,0.1,,,,,,,1.0,0.001,1.0,1.0,0.0,0.1,11.315682411193848,2.5145370960235596,ok,
pendulum,er_cma,0,256,,0.5,,,,,,,1.0,0.001,1.0,1.0,0.0,0.1,11.916797637939453,2.6114463806152344,ok,
pendulum,er_cma,0,256,,1.0,,,,,,,1.0,0.001,1.0,1.0,0.0,0.1,11.937145233154297,2.5294666290283203,ok,
pendulum,er_cma,0,256,,0.01,,,,,,,1.0,0.001,1.0,0.05,0.0,0.3,8.23437213897705,0.714104175567627,ok,
pendulum,er_cma,0,256,,0.1,,,,,,,1.0,0.001,1.0,0.05,0.0,0.3,8.913461685180664,2.592998504638672,ok,
pendulum,er_cma,0,256,,0.5,,,,,,,1.0,0.001,1.0,0.05,0.0,0.3,11.955246925354004,2.572746992111206,ok,
pendulum,er_cma,0,256,,1.0,,,,,,,1.0,0.001,1.0,0.05,0.0,0.3,11.994967460632324,2.550865888595581,ok,
pendulum,er_cma,0,256,,0.01,,,,,,,1.0,0.001,1.0,0.1,0.0,0.3,9.206449508666992,0.7081279754638672,ok,
pendulum,er_cma,0,256,,0.1,,,,,,,1.0,0.001,1.0,0.1,0.0,0.3,10.404694557189941,2.553884983062744,ok,
pendulum,er_cma,0,256,,0.5,,,,,,,1.0,0.001,1.0,0.1,0.0,0.3,11.918075561523438,2.57307767868042,ok,
pendulum,er_cma,0,256,,1.0,,,,,,,1.0,0.001,1.0,0.1,0.0,0.3,11.976970672607422,2.5418708324432373,ok,
pendulum,er_cma,0,256,,0.01,,,,,,,1.0,0.001,1.0,0.3,0.0,0.3,10.23721981048584,0.7260136604309082,ok,
pendulum,er_cma,0,256,,0.1,,,,,,,1.0,0.001,1.0,0.3,0.0,0.3,11.381967544555664,2.5619757175445557,ok,
pendulum,er_cma,0,256,,0.5,,,,,,,1.0,0.001,1.0,0.3,0.0,0.3,11.861488342285156,2.5354244709014893,ok,
pendulum,er_cma,0,256,,1.0,,,,,,,1.0,0.001,1.0,0.3,0.0,0.3,11.940409660339355,2.55102801322937,ok,
pendulum,er_cma,0,256,,0.01,,,,,,,1.0,0.001,1.0,1.0,0.0,0.3,11.136431694030762,0.7080059051513672,ok,
pendulum,er_cma,0,256,,0.1,,,,,,,1.0,0.001,1.0,1.0,0.0,0.3,11.314982414245605,2.5338118076324463,ok,
pendulum,er_cma,0,256,,0.5,,,,,,,1.0,0.001,1.0,1.0,0.0,0.3,11.890884399414062,2.5523881912231445,ok,
pendulum,er_cma,0,256,,1.0,,,,,,,1.0,0.001,1.0,1.0,0.0,0.3,11.944299697875977,2.53739595413208,ok,
pendulum,er_cma,0,256,,0.01,,,,,,,1.0,0.001,1.0,0.05,0.0,0.5,8.236757278442383,0.7086286544799805,ok,
pendulum,er_cma,0,256,,0.1,,,,,,,1.0,0.001,1.0,0.05,0.0,0.5,8.842172622680664,2.5792760848999023,ok,
pendulum,er_cma,0,256,,0.5,,,,,,,1.0,0.001,1.0,0.05,0.0,0.5,11.956961631774902,2.5948476791381836,ok,
pendulum,er_cma,0,256,,1.0,,,,,,,1.0,0.001,1.0,0.05,0.0,0.5,11.995847702026367,2.551781177520752,ok,
pendulum,er_cma,0,256,,0.01,,,,,,,1.0,0.001,1.0,0.1,0.0,0.5,9.205760955810547,0.721994161605835,ok,
pendulum,er_cma,0,256,,0.1,,,,,,,1.0,0.001,1.0,0.1,0.0,0.5,10.401697158813477,2.5576272010803223,ok,
pendulum,er_cma,0,256,,0.5,,,,,,,1.0,0.001,1.0,0.1,0.0,0.5,11.920663833618164,2.52785062789917,ok,
pendulum,er_cma,0,256,,1.0,,,,,,,1.0,0.001,1.0,0.1,0.0,0.5,11.982739448547363,2.534968137741089,ok,
pendulum,er_cma,0,256,,0.01,,,,,,,1.0,0.001,1.0,0.3,0.0,0.5,10.290937423706055,0.7135708332061768,ok,
pendulum,er_cma,0,256,,0.1,,,,,,,1.0,0.001,1.0,0.3,0.0,0.5,11.385404586791992,2.626206398010254,ok,
pendulum,er_cma,0,256,,0.5,,,,,,,1.0,0.001,1.0,0.3,0.0,0.5,11.867295265197754,2.529430389404297,ok,
pendulum,er_cma,0,256,,1.0,,,,,,,1.0,0.001,1.0,0.3,0.0,0.5,11.951977729797363,2.5378801822662354,ok,
pendulum,er_cma,0,256,,0.01,,,,,,,1.0,0.001,1.0,1.0,0.0,0.5,11.145166397094727,0.7133369445800781,ok,
pendulum,er_cma,0,256,,0.1,,,,,,,1.0,0.001,1.0,1.0,0.0,0.5,11.313919067382812,2.53918194770813,ok,
pendulum,er_cma,0,256,,0.5,,,,,,,1.0,0.001,1.0,1.0,0.0,0.5,11.875465393066406,2.5830183029174805,ok,
pendulum,er_cma,0,256,,1.0,,,,,,,1.0,0.001,1.0,1.0,0.0,0.5,11.953794479370117,2.5346126556396484,ok,
pendulum,er_cma,0,256,,0.01,,,,,,,1.0,0.001,1.0,0.05,0.1,0.1,8.215569496154785,0.7142124176025391,ok,
pendulum,er_cma,0,256,,0.1,,,,,,,1.0,0.001,1.0,0.05,0.1,0.1,8.875678062438965,2.562666416168213,ok,
pendulum,er_cma,0,256,,0.5,,,,,,,1.0,0.001,1.0,0.05,0.1,0.1,11.966516494750977,2.5410315990448,ok,
pendulum,er_cma,0,256,,1.0,,,,,,,1.0,0.001,1.0,0.05,0.1,0.1,11.996628761291504,2.535904884338379,ok,
pendulum,er_cma,0,256,,0.01,,,,,,,1.0,0.001,1.0,0.1,0.1,0.1,9.208166122436523,0.7211487293243408,ok,
pendulum,er_cma,0,256,,0.1,,,,,,,1.0,0.001,1.0,0.1,0.1,0.1,10.379658699035645,2.572033166885376,ok,
pendulum,er_cma,0,256,,0.5,,,,,,,1.0,0.001,1.0,0.1,0.1,0.1,11.942344665527344,2.5524330139160156,ok,
pendulum,er_cma,0,256,,1.0,,,,,,,1.0,0.001,1.0,0.1,0.1,0.1,11.990032196044922,2.5447733402252197,ok,
pendulum,er_cma,0,256,,0.01,,,,,,,1.0,0.001,1.0,0.3,0.1,0.1,9.64150619506836,0.7093682289123535,ok,
pendulum,er_cma,0,256,,0.1,,,,,,,1.0,0.001,1.0,0.3,0.1,0.1,10.728572845458984,2.5277156829833984,ok,
pendulum,er_cma,0,256,,0.5,,,,,,,1.0,0.001,1.0,0.3,0.1,0.1,11.901586532592773,2.585665464401245,ok,
pendulum,er_cma,0,256,,1.0,,,,,,,1.0,0.001,1.0,0.3,0.1,0.1,11.974513053894043,2.54305100440979,ok,
pendulum,er_cma,0,256,,0.01,,,,,,,1.0,0.001,1.0,1.0,0.1,0.1,9.866923332214355,0.7168862819671631,ok,
pendulum,er_cma,0,256,,0.1,,,,,,,1.0,0.001,1.0,1.0,0.1,0.1,10.538302421569824,2.549107789993286,ok,
pendulum,er_cma,0,256,,0.5,,,,,,,1.0,0.001,1.0,1.0,0.1,0.1,11.947234153747559,2.5500502586364746,ok,
pendulum,er_cma,0,256,,1.0,,,,,,,1.0,0.001,1.0,1.0,0.1,0.1,11.964092254638672,2.5746657848358154,ok,
pendulum,er_cma,0,256,,0.01,,,,,,,1.0,0.001,1.0,0.05,0.1,0.3,8.218425750732422,0.8057892322540283,ok,
pendulum,er_cma,0,256,,0.1,,,,,,,1.0,0.001,1.0,0.05,0.1,0.3,8.81478214263916,2.5883262157440186,ok,
pendulum,er_cma,0,256,,0.5,,,,,,,1.0,0.001,1.0,0.05,0.1,0.3,11.968280792236328,2.5770037174224854,ok,
pendulum,er_cma,0,256,,1.0,,,,,,,1.0,0.001,1.0,0.05,0.1,0.3,11.997108459472656,2.592167615890503,ok,
pendulum,er_cma,0,256,,0.01,,,,,,,1.0,0.001,1.0,0.1,0.1,0.3,9.19437313079834,0.7168142795562744,ok,
pendulum,er_cma,0,256,,0.1,,,,,,,1.0,0.001,1.0,0.1,0.1,0.3,10.376683235168457,2.5732829570770264,ok,
pendulum,er_cma,0,256,,0.5,,,,,,,1.0,0.001,1.0,0.1,0.1,0.3,11.944640159606934,2.556796073913574,ok,
pendulum,er_cma,0,256,,1.0,,,,,,,1.0,0.001,1.0,0.1,0.1,0.3,11.993690490722656,2.548123598098755,ok,
pendulum,er_cma,0,256,,0.01,,,,,,,1.0,0.001,1.0,0.3,0.1,0.3,9.653014183044434,0.7201254367828369,ok,
pendulum,er_cma,0,256,,0.1,,,,,,,1.0,0.001,1.0,0.3,0.1,0.3,10.758630752563477,2.5425970554351807,ok,
pendulum,er_cma,0,256,,0.5,,,,,,,1.0,0.001,1.0,0.3,0.1,0.3,11.904666900634766,2.5415453910827637,ok,
pendulum,er_cma,0,256,,1.0,,,,,,,1.0,0.001,1.0,0.3,0.1,0.3,11.98631477355957,2.5687856674194336,ok,
pendulum,er_cma,0,256,,0.01,,,,,,,1.0,0.001,1.0,1.0,0.1,0.3,9.844133377075195,0.7113497257232666,ok,
pendulum,er_cma,0,256,,0.1,,,,,,,1.0,0.001,1.0,1.0,0.1,0.3,10.57429313659668,2.5496110916137695,ok,
pendulum,er_cma,0,256,,0.5,,,,,,,1.0,0.001,1.0,1.0,0.1,0.3,11.881807327270508,2.539872646331787,ok,
pendulum,er_cma,0,256,,1.0,,,,,,,1.0,0.001,1.0,1.0,0.1,0.3,11.979060173034668,2.58899188041687,ok,
pendulum,er_cma,0,256,,0.01,,,,,,,1.0,0.001,1.0,0.05,0.1,0.5,8.230508804321289,0.7119286060333252,ok,
pendulum,er_cma,0,256,,0.1,,,,,,,1.0,0.001,1.0,0.05,0.1,0.5,8.771740913391113,2.5304901599884033,ok,
pendulum,er_cma,0,256,,0.5,,,,,,,1.0,0.001,1.0,0.05,0.1,0.5,11.971335411071777,2.558300495147705,ok,
pendulum,er_cma,0,256,,1.0,,,,,,,1.0,0.001,1.0,0.05,0.1,0.5,11.997355461120605,2.558635950088501,ok,
pendulum,er_cma,0,256,,0.01,,,,,,,1.0,0.001,1.0,0.1,0.1,0.5,9.15952205657959,0.7183120250701904,ok,
pendulum,er_cma,0,256,,0.1,,,,,,,1.0,0.001,1.0,0.1,0.1,0.5,10.352103233337402,2.5452029705047607,ok,
pendulum,er_cma,0,256,,0.5,,,,,,,1.0,0.001,1.0,0.1,0.1,0.5,11.947875022888184,2.56217360496521,ok,
pendulum,er_cma,0,256,,1.0,,,,,,,1.0,0.001,1.0,0.1,0.1,0.5,11.995067596435547,2.5538792610168457,ok,
pendulum,er_cma,0,256,,0.01,,,,,,,1.0,0.001,1.0,0.3,0.1,0.5,9.67853832244873,0.7104010581970215,ok,
pendulum,er_cma,0,256,,0.1,,,,,,,1.0,0.001,1.0,0.3,0.1,0.5,10.796454429626465,2.582146406173706,ok,
pendulum,er_cma,0,256,,0.5,,,,,,,1.0,0.001,1.0,0.3,0.1,0.5,11.910268783569336,2.5422377586364746,ok,
pendulum,er_cma,0,256,,1.0,,,,,,,1.0,0.001,1.0,0.3,0.1,0.5,11.991311073303223,2.5835890769958496,ok,
pendulum,er_cma,0,256,,0.01,,,,,,,1.0,0.001,1.0,1.0,0.1,0.5,9.866031646728516,0.7161123752593994,ok,
pendulum,er_cma,0,256,,0.1,,,,,,,1.0,0.001,1.0,1.0,0.1,0.5,10.633661270141602,2.5699822902679443,ok,
pendulum,er_cma,0,256,,0.5,,,,,,,1.0,0.001,1.0,1.0,0.1,0.5,11.885734558105469,2.5398638248443604,ok,
pendulum,er_cma,0,256,,1.0,,,,,,,1.0,0.001,1.0,1.0,0.1,0.5,11.988442420959473,2.539207935333252,ok,
pendulum,er_cma,0,256,,0.01,,,,,,,1.0,0.001,1.0,0.05,0.3,0.3,8.183822631835938,0.7137711048126221,ok,
pendulum,er_cma,0,256,,0.1,,,,,,,1.0,0.001,1.0,0.05,0.3,0.3,8.669746398925781,2.5386407375335693,ok,
pendulum,er_cma,0,256,,0.5,,,,,,,1.0,0.001,1.0,0.05,0.3,0.3,11.98870849609375,2.5557467937469482,ok,
pendulum,er_cma,0,256,,1.0,,,,,,,1.0,0.001,1.0,0.05,0.3,0.3,11.998283386230469,2.5352532863616943,ok,
pendulum,er_cma,0,256,,0.01,,,,,,,1.0,0.001,1.0,0.1,0.3,0.3,8.953429222106934,0.7091639041900635,ok,
pendulum,er_cma,0,256,,0.1,,,,,,,1.0,0.001,1.0,0.1,0.3,0.3,9.577549934387207,2.539135217666626,ok,
pendulum,er_cma,0,256,,0.5,,,,,,,1.0,0.001,1.0,0.1,0.3,0.3,11.98334789276123,2.5575265884399414,ok,
pendulum,er_cma,0,256,,1.0,,,,,,,1.0,0.001,1.0,0.1,0.3,0.3,11.998016357421875,2.556929111480713,ok,
pendulum,er_cma,0,256,,0.01,,,,,,,1.0,0.001,1.0,0.3,0.3,0.3,9.105926513671875,0.7189970016479492,ok,
pendulum,er_cma,0,256,,0.1,,,,,,,1.0,0.001,1.0,0.3,0.3,0.3,10.180253982543945,2.553532838821411,ok,
pendulum,er_cma,0,256,,0.5,,,,,,,1.0,0.001,1.0,0.3,0.3,0.3,11.977602005004883,2.5665674209594727,ok,
pendulum,er_cma,0,256,,1.0,,,,,,,1.0,0.001,1.0,0.3,0.3,0.3,11.997915267944336,2.567782402038574,ok,
pendulum,er_cma,0,256,,0.01,,,,,,,1.0,0.001,1.0,1.0,0.3,0.3,8.917036056518555,0.719282865524292,ok,
pendulum,er_cma,0,256,,0.1,,,,,,,1.0,0.001,1.0,1.0,0.3,0.3,9.408331871032715,2.5302603244781494,ok,
pendulum,er_cma,0,256,,0.5,,,,,,,1.0,0.001,1.0,1.0,0.3,0.3,11.974032402038574,2.553563117980957,ok,
pendulum,er_cma,0,256,,1.0,,,,,,,1.0,0.001,1.0,1.0,0.3,0.3,11.997798919677734,2.5314524173736572,ok,
pendulum,er_cma,0,256,,0.01,,,,,,,1.0,0.001,1.0,0.05,0.3,0.5,8.193937301635742,0.7113995552062988,ok,
pendulum,er_cma,0,256,,0.1,,,,,,,1.0,0.001,1.0,0.05,0.3,0.5,8.649750709533691,2.5461087226867676,ok,
pendulum,er_cma,0,256,,0.5,,,,,,,1.0,0.001,1.0,0.05,0.3,0.5,11.993009567260742,2.5693628787994385,ok,
pendulum,er_cma,0,256,,1.0,,,,,,,1.0,0.001,1.0,0.05,0.3,0.5,11.998335838317871,2.5590579509735107,ok,
pendulum,er_cma,0,256,,0.01,,,,,,,1.0,0.001,1.0,0.1,0.3,0.5,8.873502731323242,0.7203969955444336,ok,
pendulum,er_cma,0,256,,0.1,,,,,,,1.0,0.001,1.0,0.1,0.3,0.5,9.414665222167969,2.639860153198242,ok,
pendulum,er_cma,0,256,,0.5,,,,,,,1.0,0.001,1.0,0.1,0.3,0.5,11.989952087402344,2.5724666118621826,ok,
pendulum,er_cma,0,256,,1.0,,,,,,,1.0,0.001,1.0,0.1,0.3,0.5,11.998140335083008,2.5651586055755615,ok,
pendulum,er_cma,0,256,,0.01,,,,,,,1.0,0.001,1.0,0.3,0.3,0.5,9.113313674926758,0.710376501083374,ok,
pendulum,er_cma,0,256,,0.1,,,,,,,1.0,0.001,1.0,0.3,0.3,0.5,9.733055114746094,2.693369150161743,ok,
pendulum,er_cma,0,256,,0.5,,,,,,,1.0,0.001,1.0,0.3,0.3,0.5,11.985760688781738,2.5672504901885986,ok,
pendulum,er_cma,0,256,,1.0,,,,,,,1.0,0.001,1.0,0.3,0.3,0.5,11.998104095458984,2.540660858154297,ok,
pendulum,er_cma,0,256,,0.01,,,,,,,1.0,0.001,1.0,1.0,0.3,0.5,8.924234390258789,0.7149391174316406,ok,
pendulum,er_cma,0,256,,0.1,,,,,,,1.0,0.001,1.0,1.0,0.3,0.5,9.57071304321289,2.5701816082000732,ok,
pendulum,er_cma,0,256,,0.5,,,,,,,1.0,0.001,1.0,1.0,0.3,0.5,11.9814453125,2.555281162261963,ok,
pendulum,er_cma,0,256,,1.0,,,,,,,1.0,0.001,1.0,1.0,0.3,0.5,11.998030662536621,2.5616672039031982,ok,
pendulum,er_cma,0,256,,0.01,,,,,,,1.0,0.001,1.0,0.05,0.5,0.5,8.155613899230957,0.7209317684173584,ok,
pendulum,er_cma,0,256,,0.1,,,,,,,1.0,0.001,1.0,0.05,0.5,0.5,8.54658031463623,2.599963426589966,ok,
pendulum,er_cma,0,256,,0.5,,,,,,,1.0,0.001,1.0,0.05,0.5,0.5,11.997330665588379,2.558680534362793,ok,
pendulum,er_cma,0,256,,1.0,,,,,,,1.0,0.001,1.0,0.05,0.5,0.5,11.9988374710083,2.5776188373565674,ok,
pendulum,er_cma,0,256,,0.01,,,,,,,1.0,0.001,1.0,0.1,0.5,0.5,8.530603408813477,0.7134902477264404,ok,
pendulum,er_cma,0,256,,0.1,,,,,,,1.0,0.001,1.0,0.1,0.5,0.5,8.908851623535156,2.5314321517944336,ok,
pendulum,er_cma,0,256,,0.5,,,,,,,1.0,0.001,1.0,0.1,0.5,0.5,11.997319221496582,2.5757462978363037,ok,
pendulum,er_cma,0,256,,1.0,,,,,,,1.0,0.001,1.0,0.1,0.5,0.5,11.998835563659668,2.555185317993164,ok,
pendulum,er_cma,0,256,,0.01,,,,,,,1.0,0.001,1.0,0.3,0.5,0.5,8.964494705200195,0.715308427810669,ok,
pendulum,er_cma,0,256,,0.1,,,,,,,1.0,0.001,1.0,0.3,0.5,0.5,8.968637466430664,2.671736717224121,ok,
pendulum,er_cma,0,256,,0.5,,,,,,,1.0,0.001,1.0,0.3,0.5,0.5,11.997282981872559,2.544780731201172,ok,
pendulum,er_cma,0,256,,1.0,,,,,,,1.0,0.001,1.0,0.3,0.5,0.5,11.99882698059082,2.548577070236206,ok,
pendulum,er_cma,0,256,,0.01,,,,,,,1.0,0.001,1.0,1.0,0.5,0.5,8.497422218322754,0.7184238433837891,ok,
pendulum,er_cma,0,256,,0.1,,,,,,,1.0,0.001,1.0,1.0,0.5,0.5,8.52145767211914,2.6152539253234863,ok,
pendulum,er_cma,0,256,,0.5,,,,,,,1.0,0.001,1.0,1.0,0.5,0.5,11.997231483459473,2.552626848220825,ok,
pendulum,er_cma,0,256,,1.0,,,,,,,1.0,0.001,1.0,1.0,0.5,0.5,11.998827934265137,2.566835641860962,ok,
cart_pole,ps,0,256,0.05,,,,,,,,,,,,,,5.813235759735107,6.994592666625977,ok,
cart_pole,ps,0,256,0.1,,,,,,,,,,,,,,5.420562744140625,6.902345180511475,ok,
cart_pole,ps,0,256,0.3,,,,,,,,,,,,,,5.1228556632995605,6.931214332580566,ok,
cart_pole,ps,0,256,0.5,,,,,,,,,,,,,,7.205573558807373,6.878532409667969,ok,
cart_pole,ps,0,256,1.0,,,,,,,,,,,,,,7.407708644866943,6.878194808959961,ok,
cart_pole,mppi,0,256,0.1,0.01,,,,,,,,,,,,,5.439967155456543,6.854766368865967,ok,
cart_pole,mppi,0,256,0.1,0.1,,,,,,,,,,,,,5.644136905670166,6.845864295959473,ok,
cart_pole,mppi,0,256,0.1,0.5,,,,,,,,,,,,,6.384812355041504,6.843571901321411,ok,
cart_pole,mppi,0,256,0.1,1.0,,,,,,,,,,,,,10.169099807739258,6.912744522094727,ok,
cart_pole,mppi,0,256,0.3,0.01,,,,,,,,,,,,,5.192372798919678,6.849080562591553,ok,
cart_pole,mppi,0,256,0.3,0.1,,,,,,,,,,,,,5.2306132316589355,6.792187213897705,ok,
cart_pole,mppi,0,256,0.3,0.5,,,,,,,,,,,,,5.447969436645508,6.862192630767822,ok,
cart_pole,mppi,0,256,0.3,1.0,,,,,,,,,,,,,5.576375484466553,6.826994895935059,ok,
cart_pole,mppi,0,256,0.5,0.01,,,,,,,,,,,,,7.509525299072266,6.892737150192261,ok,
cart_pole,mppi,0,256,0.5,0.1,,,,,,,,,,,,,7.710733890533447,6.884495496749878,ok,
cart_pole,mppi,0,256,0.5,0.5,,,,,,,,,,,,,7.8615641593933105,6.923896312713623,ok,
cart_pole,mppi,0,256,0.5,1.0,,,,,,,,,,,,,8.17345142364502,6.8428754806518555,ok,
cart_pole,mppi,0,256,1.0,0.01,,,,,,,,,,,,,9.892807006835938,6.837031126022339,ok,
cart_pole,mppi,0,256,1.0,0.1,,,,,,,,,,,,,8.02367115020752,6.84277081489563,ok,
cart_pole,mppi,0,256,1.0,0.5,,,,,,,,,,,,,8.269451141357422,6.8225767612457275,ok,
cart_pole,mppi,0,256,1.0,1.0,,,,,,,,,,,,,9.841708183288574,6.993334770202637,ok,
cart_pole,cem,0,256,,,0.1,0.001,4,0.0,,,,,,,,,14.698881149291992,6.9000420570373535,ok,
cart_pole,cem,0,256,,,0.1,0.001,8,0.0,,,,,,,,,18.023984909057617,6.871615409851074,ok,
cart_pole,cem,0,256,,,0.1,0.001,16,0.0,,,,,,,,,18.360591888427734,6.907214164733887,ok,
cart_pole,cem,0,256,,,0.3,0.001,4,0.0,,,,,,,,,20.246187210083008,6.98120641708374,ok,
cart_pole,cem,0,256,,,0.3,0.001,8,0.0,,,,,,,,,20.0897216796875,6.940292835235596,ok,
cart_pole,cem,0,256,,,0.3,0.001,16,0.0,,,,,,,,,19.761445999145508,6.9459309577941895,ok,
cart_pole,cem,0,256,,,0.5,0.001,4,0.0,,,,,,,,,20.20274543762207,6.908863306045532,ok,
cart_pole,cem,0,256,,,0.5,0.001,8,0.0,,,,,,,,,20.284217834472656,6.891101837158203,ok,
cart_pole,cem,0,256,,,0.5,0.001,16,0.0,,,,,,,,,21.360807418823242,6.881384611129761,ok,
cart_pole,cem,0,256,,,1.0,0.001,4,0.0,,,,,,,,,21.49527931213379,7.012238502502441,ok,
cart_pole,cem,0,256,,,1.0,0.001,8,0.0,,,,,,,,,21.391403198242188,6.9111011028289795,ok,
cart_pole,cem,0,256,,,1.0,0.001,16,0.0,,,,,,,,,20.969511032104492,6.966400384902954,ok,
cart_pole,dial,0,256,0.3,0.01,,,,,0.5,0.5,,,,,,,5.5047607421875,6.816713333129883,ok,
cart_pole,dial,0,256,0.3,0.01,,,,,0.5,1.0,,,,,,,5.241907596588135,6.916638374328613,ok,
cart_pole,dial,0,256,0.3,0.01,,,,,0.5,2.0,,,,,,,5.184751510620117,6.951826810836792,ok,
cart_pole,dial,0,256,0.3,0.01,,,,,1.0,0.5,,,,,,,5.5047607421875,6.934511423110962,ok,
cart_pole,dial,0,256,0.3,0.01,,,,,1.0,1.0,,,,,,,5.241907596588135,6.918976306915283,ok,
cart_pole,dial,0,256,0.3,0.01,,,,,1.0,2.0,,,,,,,5.184751510620117,7.008617162704468,ok,
cart_pole,dial,0,256,0.3,0.01,,,,,2.0,0.5,,,,,,,5.5047607421875,6.821253299713135,ok,
cart_pole,dial,0,256,0.3,0.01,,,,,2.0,1.0,,,,,,,5.241907596588135,6.906145334243774,ok,
cart_pole,dial,0,256,0.3,0.01,,,,,2.0,2.0,,,,,,,5.184751510620117,6.8793840408325195,ok,
cart_pole,mppi_cma,0,256,,0.01,,,,,,,0.3,0.001,,0.05,,,5.130478382110596,6.845633268356323,ok,
cart_pole,mppi_cma,0,256,,0.1,,,,,,,0.3,0.001,,0.05,,,5.2126383781433105,6.907700538635254,ok,
cart_pole,mppi_cma,0,256,,0.5,,,,,,,0.3,0.001,,0.05,,,5.446524143218994,6.911326885223389,ok,
cart_pole,mppi_cma,0,256,,1.0,,,,,,,0.3,0.001,,0.05,,,5.625875949859619,6.92975926399231,ok,
cart_pole,mppi_cma,0,256,,0.01,,,,,,,0.3,0.001,,0.1,,,5.155912399291992,6.945468187332153,ok,
cart_pole,mppi_cma,0,256,,0.1,,,,,,,0.3,0.001,,0.1,,,5.281253337860107,6.85251784324646,ok,
cart_pole,mppi_cma,0,256,,0.5,,,,,,,0.3,0.001,,0.1,,,6.2315993309021,6.878010034561157,ok,
cart_pole,mppi_cma,0,256,,1.0,,,,,,,0.3,0.001,,0.1,,,7.932153224945068,6.874054193496704,ok,
cart_pole,mppi_cma,0,256,,0.01,,,,,,,0.3,0.001,,0.3,,,5.399987697601318,6.887518882751465,ok,
cart_pole,mppi_cma,0,256,,0.1,,,,,,,0.3,0.001,,0.3,,,7.445941925048828,6.852039098739624,ok,
cart_pole,mppi_cma,0,256,,0.5,,,,,,,0.3,0.001,,0.3,,,13.352962493896484,6.8645710945129395,ok,
cart_pole,mppi_cma,0,256,,1.0,,,,,,,0.3,0.001,,0.3,,,13.56110668182373,6.942569971084595,ok,
cart_pole,mppi_cma,0,256,,0.01,,,,,,,0.3,0.001,,1.0,,,5.408084392547607,6.900224685668945,ok,
cart_pole,mppi_cma,0,256,,0.1,,,,,,,0.3,0.001,,1.0,,,13.697510719299316,6.971340179443359,ok,
cart_pole,mppi_cma,0,256,,0.5,,,,,,,0.3,0.001,,1.0,,,15.101469039916992,6.92904257774353,ok,
cart_pole,mppi_cma,0,256,,1.0,,,,,,,0.3,0.001,,1.0,,,12.932073593139648,6.926125526428223,ok,
cart_pole,er_cma,0,256,,0.01,,,,,,,0.3,0.001,1.0,0.05,0.0,0.1,5.132875442504883,6.878506660461426,ok,
cart_pole,er_cma,0,256,,0.1,,,,,,,0.3,0.001,1.0,0.05,0.0,0.1,5.211605072021484,6.954404354095459,ok,
cart_pole,er_cma,0,256,,0.5,,,,,,,0.3,0.001,1.0,0.05,0.0,0.1,5.435239315032959,7.056695222854614,ok,
cart_pole,er_cma,0,256,,1.0,,,,,,,0.3,0.001,1.0,0.05,0.0,0.1,5.604221343994141,6.986595869064331,ok,
cart_pole,er_cma,0,256,,0.01,,,,,,,0.3,0.001,1.0,0.1,0.0,0.1,5.159613132476807,6.848442792892456,ok,
cart_pole,er_cma,0,256,,0.1,,,,,,,0.3,0.001,1.0,0.1,0.0,0.1,5.265443801879883,7.127783298492432,ok,
cart_pole,er_cma,0,256,,0.5,,,,,,,0.3,0.001,1.0,0.1,0.0,0.1,5.840909481048584,6.9587953090667725,ok,
cart_pole,er_cma,0,256,,1.0,,,,,,,0.3,0.001,1.0,0.1,0.0,0.1,6.683658123016357,7.01621150970459,ok,
cart_pole,er_cma,0,256,,0.01,,,,,,,0.3,0.001,1.0,0.3,0.0,0.1,5.37794303894043,7.0381433963775635,ok,
cart_pole,er_cma,0,256,,0.1,,,,,,,0.3,0.001,1.0,0.3,0.0,0.1,6.64828634262085,6.863326787948608,ok,
cart_pole,er_cma,0,256,,0.5,,,,,,,0.3,0.001,1.0,0.3,0.0,0.1,11.803485870361328,6.994760751724243,ok,
cart_pole,er_cma,0,256,,1.0,,,,,,,0.3,0.001,1.0,0.3,0.0,0.1,12.5822172164917,6.926201581954956,ok,
cart_pole,er_cma,0,256,,0.01,,,,,,,0.3,0.001,1.0,1.0,0.0,0.1,5.403672218322754,6.860330820083618,ok,
cart_pole,er_cma,0,256,,0.1,,,,,,,0.3,0.001,1.0,1.0,0.0,0.1,13.099162101745605,6.932217359542847,ok,
cart_pole,er_cma,0,256,,0.5,,,,,,,0.3,0.001,1.0,1.0,0.0,0.1,13.951287269592285,7.135204553604126,ok,
cart_pole,er_cma,0,256,,1.0,,,,,,,0.3,0.001,1.0,1.0,0.0,0.1,10.366013526916504,7.141801595687866,ok,
cart_pole,er_cma,0,256,,0.01,,,,,,,0.3,0.001,1.0,0.05,0.0,0.3,5.137084007263184,7.226688385009766,ok,
cart_pole,er_cma,0,256,,0.1,,,,,,,0.3,0.001,1.0,0.05,0.0,0.3,5.213104248046875,7.057647466659546,ok,
cart_pole,er_cma,0,256,,0.5,,,,,,,0.3,0.001,1.0,0.05,0.0,0.3,5.4124226570129395,7.391467094421387,ok,
cart_pole,er_cma,0,256,,1.0,,,,,,,0.3,0.001,1.0,0.05,0.0,0.3,5.547961711883545,7.127765417098999,ok,
cart_pole,er_cma,0,256,,0.01,,,,,,,0.3,0.001,1.0,0.1,0.0,0.3,5.152324676513672,7.12076997756958,ok,
cart_pole,er_cma,0,256,,0.1,,,,,,,0.3,0.001,1.0,0.1,0.0,0.3,5.24847936630249,7.050086975097656,ok,
cart_pole,er_cma,0,256,,0.5,,,,,,,0.3,0.001,1.0,0.1,0.0,0.3,5.520598888397217,7.119840621948242,ok,
cart_pole,er_cma,0,256,,1.0,,,,,,,0.3,0.001,1.0,0.1,0.0,0.3,5.745462894439697,7.098634958267212,ok,
cart_pole,er_cma,0,256,,0.01,,,,,,,0.3,0.001,1.0,0.3,0.0,0.3,5.362593650817871,7.143256664276123,ok,
cart_pole,er_cma,0,256,,0.1,,,,,,,0.3,0.001,1.0,0.3,0.0,0.3,5.480069637298584,7.042223691940308,ok,
cart_pole,er_cma,0,256,,0.5,,,,,,,0.3,0.001,1.0,0.3,0.0,0.3,7.37609338760376,6.937319278717041,ok,
cart_pole,er_cma,0,256,,1.0,,,,,,,0.3,0.001,1.0,0.3,0.0,0.3,7.118950366973877,7.071948766708374,ok,
cart_pole,er_cma,0,256,,0.01,,,,,,,0.3,0.001,1.0,1.0,0.0,0.3,5.3927507400512695,6.925817966461182,ok,
cart_pole,er_cma,0,256,,0.1,,,,,,,0.3,0.001,1.0,1.0,0.0,0.3,7.091353893280029,6.9962732791900635,ok,
cart_pole,er_cma,0,256,,0.5,,,,,,,0.3,0.001,1.0,1.0,0.0,0.3,6.042657852172852,6.954186916351318,ok,
cart_pole,er_cma,0,256,,1.0,,,,,,,0.3,0.001,1.0,1.0,0.0,0.3,6.287898063659668,6.891375303268433,ok,
cart_pole,er_cma,0,256,,0.01,,,,,,,0.3,0.001,1.0,0.05,0.0,0.5,5.136603832244873,6.972220420837402,ok,
cart_pole,er_cma,0,256,,0.1,,,,,,,0.3,0.001,1.0,0.05,0.0,0.5,5.2161455154418945,7.0706939697265625,ok,
cart_pole,er_cma,0,256,,0.5,,,,,,,0.3,0.001,1.0,0.05,0.0,0.5,5.3946533203125,7.135535478591919,ok,
cart_pole,er_cma,0,256,,1.0,,,,,,,0.3,0.001,1.0,0.05,0.0,0.5,5.520914077758789,6.895282506942749,ok,
cart_pole,er_cma,0,256,,0.01,,,,,,,0.3,0.001,1.0,0.1,0.0,0.5,5.145648002624512,6.880470275878906,ok,
cart_pole,er_cma,0,256,,0.1,,,,,,,0.3,0.001,1.0,0.1,0.0,0.5,5.253026962280273,6.899470567703247,ok,
cart_pole,er_cma,0,256,,0.5,,,,,,,0.3,0.001,1.0,0.1,0.0,0.5,5.422619342803955,6.893506288528442,ok,
cart_pole,er_cma,0,256,,1.0,,,,,,,0.3,0.001,1.0,0.1,0.0,0.5,5.545393466949463,6.870018720626831,ok,
cart_pole,er_cma,0,256,,0.01,,,,,,,0.3,0.001,1.0,0.3,0.0,0.5,5.327457904815674,7.147197246551514,ok,
cart_pole,er_cma,0,256,,0.1,,,,,,,0.3,0.001,1.0,0.3,0.0,0.5,5.403608322143555,7.032428026199341,ok,
cart_pole,er_cma,0,256,,0.5,,,,,,,0.3,0.001,1.0,0.3,0.0,0.5,5.962921619415283,6.977060079574585,ok,
cart_pole,er_cma,0,256,,1.0,,,,,,,0.3,0.001,1.0,0.3,0.0,0.5,6.260528564453125,6.901884317398071,ok,
cart_pole,er_cma,0,256,,0.01,,,,,,,0.3,0.001,1.0,1.0,0.0,0.5,5.353518009185791,6.908365726470947,ok,
cart_pole,er_cma,0,256,,0.1,,,,,,,0.3,0.001,1.0,1.0,0.0,0.5,5.33308744430542,6.869482755661011,ok,
cart_pole,er_cma,0,256,,0.5,,,,,,,0.3,0.001,1.0,1.0,0.0,0.5,5.8274006843566895,6.903397798538208,ok,
cart_pole,er_cma,0,256,,1.0,,,,,,,0.3,0.001,1.0,1.0,0.0,0.5,6.337751865386963,6.892890930175781,ok,
cart_pole,er_cma,0,256,,0.01,,,,,,,0.3,0.001,1.0,0.05,0.1,0.1,5.128695011138916,7.010582685470581,ok,
cart_pole,er_cma,0,256,,0.1,,,,,,,0.3,0.001,1.0,0.05,0.1,0.1,5.209052085876465,6.951053619384766,ok,
cart_pole,er_cma,0,256,,0.5,,,,,,,0.3,0.001,1.0,0.05,0.1,0.1,5.428640842437744,6.966795444488525,ok,
cart_pole,er_cma,0,256,,1.0,,,,,,,0.3,0.001,1.0,0.05,0.1,0.1,5.584926605224609,6.938958168029785,ok,
cart_pole,er_cma,0,256,,0.01,,,,,,,0.3,0.001,1.0,0.1,0.1,0.1,5.154732704162598,7.115738391876221,ok,
cart_pole,er_cma,0,256,,0.1,,,,,,,0.3,0.001,1.0,0.1,0.1,0.1,5.256361961364746,6.942967414855957,ok,
cart_pole,er_cma,0,256,,0.5,,,,,,,0.3,0.001,1.0,0.1,0.1,0.1,5.707910060882568,6.920864582061768,ok,
cart_pole,er_cma,0,256,,1.0,,,,,,,0.3,0.001,1.0,0.1,0.1,0.1,6.331723690032959,6.904494047164917,ok,
cart_pole,er_cma,0,256,,0.01,,,,,,,0.3,0.001,1.0,0.3,0.1,0.1,5.378241062164307,6.906923770904541,ok,
cart_pole,er_cma,0,256,,0.1,,,,,,,0.3,0.001,1.0,0.3,0.1,0.1,6.448390007019043,7.110839605331421,ok,
cart_pole,er_cma,0,256,,0.5,,,,,,,0.3,0.001,1.0,0.3,0.1,0.1,11.837282180786133,6.980951309204102,ok,
cart_pole,er_cma,0,256,,1.0,,,,,,,0.3,0.001,1.0,0.3,0.1,0.1,11.572845458984375,6.897258996963501,ok,
cart_pole,er_cma,0,256,,0.01,,,,,,,0.3,0.001,1.0,1.0,0.1,0.1,5.3984761238098145,6.900518894195557,ok,
cart_pole,er_cma,0,256,,0.1,,,,,,,0.3,0.001,1.0,1.0,0.1,0.1,13.21440601348877,7.029775619506836,ok,
cart_pole,er_cma,0,256,,0.5,,,,,,,0.3,0.001,1.0,1.0,0.1,0.1,12.8304443359375,7.101733446121216,ok,
cart_pole,er_cma,0,256,,1.0,,,,,,,0.3,0.001,1.0,1.0,0.1,0.1,14.023103713989258,6.946006536483765,ok,
cart_pole,er_cma,0,256,,0.01,,,,,,,0.3,0.001,1.0,0.05,0.1,0.3,5.138403415679932,6.905593156814575,ok,
cart_pole,er_cma,0,256,,0.1,,,,,,,0.3,0.001,1.0,0.05,0.1,0.3,5.211556911468506,7.029175758361816,ok,
cart_pole,er_cma,0,256,,0.5,,,,,,,0.3,0.001,1.0,0.05,0.1,0.3,5.4094648361206055,6.965484619140625,ok,
cart_pole,er_cma,0,256,,1.0,,,,,,,0.3,0.001,1.0,0.05,0.1,0.3,5.539495468139648,6.9209678173065186,ok,
cart_pole,er_cma,0,256,,0.01,,,,,,,0.3,0.001,1.0,0.1,0.1,0.3,5.14902400970459,6.870121479034424,ok,
cart_pole,er_cma,0,256,,0.1,,,,,,,0.3,0.001,1.0,0.1,0.1,0.3,5.238023281097412,6.897191762924194,ok,
cart_pole,er_cma,0,256,,0.5,,,,,,,0.3,0.001,1.0,0.1,0.1,0.3,5.487842559814453,7.05289626121521,ok,
cart_pole,er_cma,0,256,,1.0,,,,,,,0.3,0.001,1.0,0.1,0.1,0.3,5.674084186553955,6.862658262252808,ok,
cart_pole,er_cma,0,256,,0.01,,,,,,,0.3,0.001,1.0,0.3,0.1,0.3,5.352941036224365,7.063751459121704,ok,
cart_pole,er_cma,0,256,,0.1,,,,,,,0.3,0.001,1.0,0.3,0.1,0.3,5.397973537445068,6.933950901031494,ok,
cart_pole,er_cma,0,256,,0.5,,,,,,,0.3,0.001,1.0,0.3,0.1,0.3,7.0603156089782715,7.0624778270721436,ok,
cart_pole,er_cma,0,256,,1.0,,,,,,,0.3,0.001,1.0,0.3,0.1,0.3,6.9203691482543945,7.029692649841309,ok,
cart_pole,er_cma,0,256,,0.01,,,,,,,0.3,0.001,1.0,1.0,0.1,0.3,5.357083320617676,7.066451549530029,ok,
cart_pole,er_cma,0,256,,0.1,,,,,,,0.3,0.001,1.0,1.0,0.1,0.3,5.709566116333008,6.9296534061431885,ok,
cart_pole,er_cma,0,256,,0.5,,,,,,,0.3,0.001,1.0,1.0,0.1,0.3,6.234205722808838,6.8912270069122314,ok,
cart_pole,er_cma,0,256,,1.0,,,,,,,0.3,0.001,1.0,1.0,0.1,0.3,6.189033508300781,6.915398597717285,ok,
cart_pole,er_cma,0,256,,0.01,,,,,,,0.3,0.001,1.0,0.05,0.1,0.5,5.133738040924072,6.979350566864014,ok,
cart_pole,er_cma,0,256,,0.1,,,,,,,0.3,0.001,1.0,0.05,0.1,0.5,5.212594032287598,6.875082731246948,ok,
cart_pole,er_cma,0,256,,0.5,,,,,,,0.3,0.001,1.0,0.05,0.1,0.5,5.390414714813232,6.985774040222168,ok,
cart_pole,er_cma,0,256,,1.0,,,,,,,0.3,0.001,1.0,0.05,0.1,0.5,5.520026683807373,6.906674861907959,ok,
cart_pole,er_cma,0,256,,0.01,,,,,,,0.3,0.001,1.0,0.1,0.1,0.5,5.139273166656494,6.855112791061401,ok,
cart_pole,er_cma,0,256,,0.1,,,,,,,0.3,0.001,1.0,0.1,0.1,0.5,5.246126651763916,7.048901081085205,ok,
cart_pole,er_cma,0,256,,0.5,,,,,,,0.3,0.001,1.0,0.1,0.1,0.5,5.411281108856201,6.90529203414917,ok,
cart_pole,er_cma,0,256,,1.0,,,,,,,0.3,0.001,1.0,0.1,0.1,0.5,5.53165864944458,6.89964747428894,ok,
cart_pole,er_cma,0,256,,0.01,,,,,,,0.3,0.001,1.0,0.3,0.1,0.5,5.311310768127441,6.966063022613525,ok,
cart_pole,er_cma,0,256,,0.1,,,,,,,0.3,0.001,1.0,0.3,0.1,0.5,5.371121406555176,6.940706968307495,ok,
cart_pole,er_cma,0,256,,0.5,,,,,,,0.3,0.001,1.0,0.3,0.1,0.5,5.537763595581055,6.987536430358887,ok,
cart_pole,er_cma,0,256,,1.0,,,,,,,0.3,0.001,1.0,0.3,0.1,0.5,5.720353126525879,7.060112714767456,ok,
cart_pole,er_cma,0,256,,0.01,,,,,,,0.3,0.001,1.0,1.0,0.1,0.5,5.324876308441162,7.015156030654907,ok,
cart_pole,er_cma,0,256,,0.1,,,,,,,0.3,0.001,1.0,1.0,0.1,0.5,5.302764415740967,7.070641040802002,ok,
cart_pole,er_cma,0,256,,0.5,,,,,,,0.3,0.001,1.0,1.0,0.1,0.5,5.526483535766602,6.945167779922485,ok,
cart_pole,er_cma,0,256,,1.0,,,,,,,0.3,0.001,1.0,1.0,0.1,0.5,5.853829860687256,6.9501097202301025,ok,
cart_pole,er_cma,0,256,,0.01,,,,,,,0.3,0.001,1.0,0.05,0.3,0.3,5.137508392333984,6.8960959911346436,ok,
cart_pole,er_cma,0,256,,0.1,,,,,,,0.3,0.001,1.0,0.05,0.3,0.3,5.209586143493652,6.938627481460571,ok,
cart_pole,er_cma,0,256,,0.5,,,,,,,0.3,0.001,1.0,0.05,0.3,0.3,5.406570911407471,6.948919057846069,ok,
cart_pole,er_cma,0,256,,1.0,,,,,,,0.3,0.001,1.0,0.05,0.3,0.3,5.5368828773498535,6.961258888244629,ok,
cart_pole,er_cma,0,256,,0.01,,,,,,,0.3,0.001,1.0,0.1,0.3,0.3,5.142919540405273,7.1851465702056885,ok,
cart_pole,er_cma,0,256,,0.1,,,,,,,0.3,0.001,1.0,0.1,0.3,0.3,5.230867862701416,6.983619451522827,ok,
cart_pole,er_cma,0,256,,0.5,,,,,,,0.3,0.001,1.0,0.1,0.3,0.3,5.436924457550049,7.1620097160339355,ok,
cart_pole,er_cma,0,256,,1.0,,,,,,,0.3,0.001,1.0,0.1,0.3,0.3,5.579273700714111,7.103682518005371,ok,
cart_pole,er_cma,0,256,,0.01,,,,,,,0.3,0.001,1.0,0.3,0.3,0.3,5.329375267028809,6.908756494522095,ok,
cart_pole,er_cma,0,256,,0.1,,,,,,,0.3,0.001,1.0,0.3,0.3,0.3,5.3609299659729,6.935114622116089,ok,
cart_pole,er_cma,0,256,,0.5,,,,,,,0.3,0.001,1.0,0.3,0.3,0.3,6.057127475738525,6.925552129745483,ok,
cart_pole,er_cma,0,256,,1.0,,,,,,,0.3,0.001,1.0,0.3,0.3,0.3,6.255896091461182,6.929161071777344,ok,
cart_pole,er_cma,0,256,,0.01,,,,,,,0.3,0.001,1.0,1.0,0.3,0.3,5.331893444061279,6.989320278167725,ok,
cart_pole,er_cma,0,256,,0.1,,,,,,,0.3,0.001,1.0,1.0,0.3,0.3,5.336400985717773,6.920271635055542,ok,
cart_pole,er_cma,0,256,,0.5,,,,,,,0.3,0.001,1.0,1.0,0.3,0.3,5.897927284240723,7.080636739730835,ok,
cart_pole,er_cma,0,256,,1.0,,,,,,,0.3,0.001,1.0,1.0,0.3,0.3,5.890626907348633,6.8795692920684814,ok,
cart_pole,er_cma,0,256,,0.01,,,,,,,0.3,0.001,1.0,0.05,0.3,0.5,5.1361613273620605,6.8983705043792725,ok,
cart_pole,er_cma,0,256,,0.1,,,,,,,0.3,0.001,1.0,0.05,0.3,0.5,5.222171306610107,6.86311936378479,ok,
cart_pole,er_cma,0,256,,0.5,,,,,,,0.3,0.001,1.0,0.05,0.3,0.5,5.388332366943359,6.978060245513916,ok,
cart_pole,er_cma,0,256,,1.0,,,,,,,0.3,0.001,1.0,0.05,0.3,0.5,5.521517276763916,6.8876848220825195,ok,
cart_pole,er_cma,0,256,,0.01,,,,,,,0.3,0.001,1.0,0.1,0.3,0.5,5.124339580535889,6.948675155639648,ok,
cart_pole,er_cma,0,256,,0.1,,,,,,,0.3,0.001,1.0,0.1,0.3,0.5,5.222756385803223,7.012547731399536,ok,
cart_pole,er_cma,0,256,,0.5,,,,,,,0.3,0.001,1.0,0.1,0.3,0.5,5.396422863006592,6.891550302505493,ok,
cart_pole,er_cma,0,256,,1.0,,,,,,,0.3,0.001,1.0,0.1,0.3,0.5,5.51940393447876,6.928563594818115,ok,
cart_pole,er_cma,0,256,,0.01,,,,,,,0.3,0.001,1.0,0.3,0.3,0.5,5.259474754333496,6.995527744293213,ok,
cart_pole,er_cma,0,256,,0.1,,,,,,,0.3,0.001,1.0,0.3,0.3,0.5,5.309128284454346,7.011448621749878,ok,
cart_pole,er_cma,0,256,,0.5,,,,,,,0.3,0.001,1.0,0.3,0.3,0.5,5.393056869506836,7.107203960418701,ok,
cart_pole,er_cma,0,256,,1.0,,,,,,,0.3,0.001,1.0,0.3,0.3,0.5,5.507505416870117,6.889325380325317,ok,
cart_pole,er_cma,0,256,,0.01,,,,,,,0.3,0.001,1.0,1.0,0.3,0.5,5.277704238891602,6.968511343002319,ok,
cart_pole,er_cma,0,256,,0.1,,,,,,,0.3,0.001,1.0,1.0,0.3,0.5,5.287803649902344,6.919094085693359,ok,
cart_pole,er_cma,0,256,,0.5,,,,,,,0.3,0.001,1.0,1.0,0.3,0.5,5.309240818023682,6.935542345046997,ok,
cart_pole,er_cma,0,256,,1.0,,,,,,,0.3,0.001,1.0,1.0,0.3,0.5,5.420090675354004,6.8960511684417725,ok,
cart_pole,er_cma,0,256,,0.01,,,,,,,0.3,0.001,1.0,0.05,0.5,0.5,5.137619495391846,7.142116069793701,ok,
cart_pole,er_cma,0,256,,0.1,,,,,,,0.3,0.001,1.0,0.05,0.5,0.5,5.222593784332275,6.899100303649902,ok,
cart_pole,er_cma,0,256,,0.5,,,,,,,0.3,0.001,1.0,0.05,0.5,0.5,5.393167495727539,6.976374626159668,ok,
cart_pole,er_cma,0,256,,1.0,,,,,,,0.3,0.001,1.0,0.05,0.5,0.5,5.526014804840088,6.9184889793396,ok,
cart_pole,er_cma,0,256,,0.01,,,,,,,0.3,0.001,1.0,0.1,0.5,0.5,5.140796661376953,6.926018953323364,ok,
cart_pole,er_cma,0,256,,0.1,,,,,,,0.3,0.001,1.0,0.1,0.5,0.5,5.216329574584961,6.872507572174072,ok,
cart_pole,er_cma,0,256,,0.5,,,,,,,0.3,0.001,1.0,0.1,0.5,0.5,5.384099006652832,6.92692494392395,ok,
cart_pole,er_cma,0,256,,1.0,,,,,,,0.3,0.001,1.0,0.1,0.5,0.5,5.519735813140869,6.922562122344971,ok,
cart_pole,er_cma,0,256,,0.01,,,,,,,0.3,0.001,1.0,0.3,0.5,0.5,5.221526145935059,6.9127888679504395,ok,
cart_pole,er_cma,0,256,,0.1,,,,,,,0.3,0.001,1.0,0.3,0.5,0.5,5.266476631164551,7.2084479331970215,ok,
cart_pole,er_cma,0,256,,0.5,,,,,,,0.3,0.001,1.0,0.3,0.5,0.5,5.3653564453125,6.866390228271484,ok,
cart_pole,er_cma,0,256,,1.0,,,,,,,0.3,0.001,1.0,0.3,0.5,0.5,5.465491771697998,6.905977249145508,ok,
cart_pole,er_cma,0,256,,0.01,,,,,,,0.3,0.001,1.0,1.0,0.5,0.5,5.229391098022461,6.992657899856567,ok,
cart_pole,er_cma,0,256,,0.1,,,,,,,0.3,0.001,1.0,1.0,0.5,0.5,5.292949199676514,7.017780780792236,ok,
cart_pole,er_cma,0,256,,0.5,,,,,,,0.3,0.001,1.0,1.0,0.5,0.5,5.3121209144592285,6.932378768920898,ok,
cart_pole,er_cma,0,256,,1.0,,,,,,,0.3,0.001,1.0,1.0,0.5,0.5,5.377142429351807,6.9744110107421875,ok,
double_cart_pole,ps,0,256,0.05,,,,,,,,,,,,,,20.46427345275879,8.651146411895752,ok,
double_cart_pole,ps,0,256,0.1,,,,,,,,,,,,,,20.361299514770508,8.689135551452637,ok,
double_cart_pole,ps,0,256,0.3,,,,,,,,,,,,,,24.94648551940918,8.55441164970398,ok,
double_cart_pole,ps,0,256,0.5,,,,,,,,,,,,,,25.846521377563477,8.757288455963135,ok,
double_cart_pole,ps,0,256,1.0,,,,,,,,,,,,,,35.67591857910156,8.599717140197754,ok,
double_cart_pole,mppi,0,256,0.1,0.01,,,,,,,,,,,,,19.32564926147461,8.512829542160034,ok,
double_cart_pole,mppi,0,256,0.1,0.1,,,,,,,,,,,,,20.586641311645508,8.571269035339355,ok,
double_cart_pole,mppi,0,256,0.1,0.5,,,,,,,,,,,,,20.369239807128906,8.686554431915283,ok,
double_cart_pole,mppi,0,256,0.1,1.0,,,,,,,,,,,,,21.315326690673828,8.587936878204346,ok,
double_cart_pole,mppi,0,256,0.3,0.01,,,,,,,,,,,,,25.472707748413086,8.489294290542603,ok,
double_cart_pole,mppi,0,256,0.3,0.1,,,,,,,,,,,,,25.717134475708008,8.533982753753662,ok,
double_cart_pole,mppi,0,256,0.3,0.5,,,,,,,,,,,,,25.143877029418945,8.664703130722046,ok,
double_cart_pole,mppi,0,256,0.3,1.0,,,,,,,,,,,,,25.343677520751953,8.614773511886597,ok,
double_cart_pole,mppi,0,256,0.5,0.01,,,,,,,,,,,,,30.775035858154297,8.63279938697815,ok,
double_cart_pole,mppi,0,256,0.5,0.1,,,,,,,,,,,,,34.699615478515625,8.602059841156006,ok,
double_cart_pole,mppi,0,256,0.5,0.5,,,,,,,,,,,,,31.072540283203125,8.53380298614502,ok,
double_cart_pole,mppi,0,256,0.5,1.0,,,,,,,,,,,,,30.788814544677734,8.71685791015625,ok,
double_cart_pole,mppi,0,256,1.0,0.01,,,,,,,,,,,,,39.1865234375,8.621596813201904,ok,
double_cart_pole,mppi,0,256,1.0,0.1,,,,,,,,,,,,,48.97509002685547,8.875916481018066,ok,
double_cart_pole,mppi,0,256,1.0,0.5,,,,,,,,,,,,,36.89548873901367,8.767179250717163,ok,
double_cart_pole,mppi,0,256,1.0,1.0,,,,,,,,,,,,,48.8641242980957,8.717414855957031,ok,
double_cart_pole,cem,0,256,,,0.1,0.001,4,0.0,,,,,,,,,57.040042877197266,8.602606296539307,ok,
double_cart_pole,cem,0,256,,,0.1,0.001,8,0.0,,,,,,,,,66.43840026855469,8.614898681640625,ok,
double_cart_pole,cem,0,256,,,0.1,0.001,16,0.0,,,,,,,,,69.19023895263672,8.661444664001465,ok,
double_cart_pole,cem,0,256,,,0.3,0.001,4,0.0,,,,,,,,,82.51866912841797,8.76884126663208,ok,
double_cart_pole,cem,0,256,,,0.3,0.001,8,0.0,,,,,,,,,117.83839416503906,8.613614797592163,ok,
double_cart_pole,cem,0,256,,,0.3,0.001,16,0.0,,,,,,,,,77.86089324951172,8.575470685958862,ok,
double_cart_pole,cem,0,256,,,0.5,0.001,4,0.0,,,,,,,,,191.1896209716797,8.539514064788818,ok,
double_cart_pole,cem,0,256,,,0.5,0.001,8,0.0,,,,,,,,,216.93069458007812,8.61829924583435,ok,
double_cart_pole,cem,0,256,,,0.5,0.001,16,0.0,,,,,,,,,166.77294921875,8.628028154373169,ok,
double_cart_pole,cem,0,256,,,1.0,0.001,4,0.0,,,,,,,,,194.69142150878906,8.620393991470337,ok,
double_cart_pole,cem,0,256,,,1.0,0.001,8,0.0,,,,,,,,,194.84840393066406,8.64522910118103,ok,
double_cart_pole,cem,0,256,,,1.0,0.001,16,0.0,,,,,,,,,151.4580535888672,8.589677095413208,ok,
double_cart_pole,dial,0,256,0.1,0.01,,,,,0.5,0.5,,,,,,,20.369840621948242,8.599974393844604,ok,
double_cart_pole,dial,0,256,0.1,0.01,,,,,0.5,1.0,,,,,,,19.98893165588379,8.739329099655151,ok,
double_cart_pole,dial,0,256,0.1,0.01,,,,,0.5,2.0,,,,,,,19.49656105041504,8.949049472808838,ok,
double_cart_pole,dial,0,256,0.1,0.01,,,,,1.0,0.5,,,,,,,20.369840621948242,8.554517984390259,ok,
double_cart_pole,dial,0,256,0.1,0.01,,,,,1.0,1.0,,,,,,,19.98893165588379,8.544926881790161,ok,
double_cart_pole,dial,0,256,0.1,0.01,,,,,1.0,2.0,,,,,,,19.49656105041504,8.753273010253906,ok,
double_cart_pole,dial,0,256,0.1,0.01,,,,,2.0,0.5,,,,,,,20.369840621948242,8.860849857330322,ok,
double_cart_pole,dial,0,256,0.1,0.01,,,,,2.0,1.0,,,,,,,19.98893165588379,8.946476459503174,ok,
double_cart_pole,dial,0,256,0.1,0.01,,,,,2.0,2.0,,,,,,,19.49656105041504,8.976203441619873,ok,
double_cart_pole,mppi_cma,0,256,,0.01,,,,,,,0.1,0.001,,0.05,,,19.454256057739258,9.046546697616577,ok,
double_cart_pole,mppi_cma,0,256,,0.1,,,,,,,0.1,0.001,,0.05,,,19.70452308654785,8.636219024658203,ok,
double_cart_pole,mppi_cma,0,256,,0.5,,,,,,,0.1,0.001,,0.05,,,24.720998764038086,9.0213782787323,ok,
double_cart_pole,mppi_cma,0,256,,1.0,,,,,,,0.1,0.001,,0.05,,,39.56781768798828,9.225790023803711,ok,
double_cart_pole,mppi_cma,0,256,,0.01,,,,,,,0.1,0.001,,0.1,,,19.45062828063965,9.23303484916687,ok,
double_cart_pole,mppi_cma,0,256,,0.1,,,,,,,0.1,0.001,,0.1,,,35.77962875366211,9.085943460464478,ok,
double_cart_pole,mppi_cma,0,256,,0.5,,,,,,,0.1,0.001,,0.1,,,42.005008697509766,9.44669508934021,ok,
double_cart_pole,mppi_cma,0,256,,1.0,,,,,,,0.1,0.001,,0.1,,,41.88414001464844,8.878870487213135,ok,
double_cart_pole,mppi_cma,0,256,,0.01,,,,,,,0.1,0.001,,0.3,,,35.52602005004883,9.248511552810669,ok,
double_cart_pole,mppi_cma,0,256,,0.1,,,,,,,0.1,0.001,,0.3,,,37.771114349365234,8.84441328048706,ok,
double_cart_pole,mppi_cma,0,256,,0.5,,,,,,,0.1,0.001,,0.3,,,33.84708786010742,8.969737768173218,ok,
double_cart_pole,mppi_cma,0,256,,1.0,,,,,,,0.1,0.001,,0.3,,,32.79491424560547,8.826790571212769,ok,
double_cart_pole,mppi_cma,0,256,,0.01,,,,,,,0.1,0.001,,1.0,,,44.75593566894531,8.671954870223999,ok,
double_cart_pole,mppi_cma,0,256,,0.1,,,,,,,0.1,0.001,,1.0,,,33.14251708984375,8.614839315414429,ok,
double_cart_pole,mppi_cma,0,256,,0.5,,,,,,,0.1,0.001,,1.0,,,36.47419357299805,9.095914840698242,ok,
double_cart_pole,mppi_cma,0,256,,1.0,,,,,,,0.1,0.001,,1.0,,,35.92726516723633,9.100940704345703,ok,
double_cart_pole,er_cma,0,256,,0.01,,,,,,,0.1,0.001,1.0,0.05,0.0,0.1,19.391881942749023,8.846890211105347,ok,
double_cart_pole,er_cma,0,256,,0.1,,,,,,,0.1,0.001,1.0,0.05,0.0,0.1,19.526020050048828,8.83748197555542,ok,
double_cart_pole,er_cma,0,256,,0.5,,,,,,,0.1,0.001,1.0,0.05,0.0,0.1,22.331418991088867,8.714027643203735,ok,
double_cart_pole,er_cma,0,256,,1.0,,,,,,,0.1,0.001,1.0,0.05,0.0,0.1,38.48845672607422,8.713358879089355,ok,
double_cart_pole,er_cma,0,256,,0.01,,,,,,,0.1,0.001,1.0,0.1,0.0,0.1,19.783294677734375,8.642231702804565,ok,
double_cart_pole,er_cma,0,256,,0.1,,,,,,,0.1,0.001,1.0,0.1,0.0,0.1,31.519853591918945,8.692837238311768,ok,
double_cart_pole,er_cma,0,256,,0.5,,,,,,,0.1,0.001,1.0,0.1,0.0,0.1,43.985130310058594,8.61564826965332,ok,
double_cart_pole,er_cma,0,256,,1.0,,,,,,,0.1,0.001,1.0,0.1,0.0,0.1,42.10152053833008,8.59586787223816,ok,
double_cart_pole,er_cma,0,256,,0.01,,,,,,,0.1,0.001,1.0,0.3,0.0,0.1,47.70895767211914,8.633964538574219,ok,
double_cart_pole,er_cma,0,256,,0.1,,,,,,,0.1,0.001,1.0,0.3,0.0,0.1,34.266117095947266,8.704293489456177,ok,
double_cart_pole,er_cma,0,256,,0.5,,,,,,,0.1,0.001,1.0,0.3,0.0,0.1,34.01499557495117,8.661436557769775,ok,
double_cart_pole,er_cma,0,256,,1.0,,,,,,,0.1,0.001,1.0,0.3,0.0,0.1,31.942853927612305,8.613006114959717,ok,
double_cart_pole,er_cma,0,256,,0.01,,,,,,,0.1,0.001,1.0,1.0,0.0,0.1,40.738487243652344,8.65712308883667,ok,
double_cart_pole,er_cma,0,256,,0.1,,,,,,,0.1,0.001,1.0,1.0,0.0,0.1,48.964656829833984,8.700942754745483,ok,
double_cart_pole,er_cma,0,256,,0.5,,,,,,,0.1,0.001,1.0,1.0,0.0,0.1,36.00624084472656,9.04402780532837,ok,
double_cart_pole,er_cma,0,256,,1.0,,,,,,,0.1,0.001,1.0,1.0,0.0,0.1,38.49754333496094,8.755262613296509,ok,
double_cart_pole,er_cma,0,256,,0.01,,,,,,,0.1,0.001,1.0,0.05,0.0,0.3,19.411470413208008,8.71681523323059,ok,
double_cart_pole,er_cma,0,256,,0.1,,,,,,,0.1,0.001,1.0,0.05,0.0,0.3,19.25369644165039,8.695322513580322,ok,
double_cart_pole,er_cma,0,256,,0.5,,,,,,,0.1,0.001,1.0,0.05,0.0,0.3,20.9692440032959,8.782182216644287,ok,
double_cart_pole,er_cma,0,256,,1.0,,,,,,,0.1,0.001,1.0,0.05,0.0,0.3,36.38043975830078,8.653486728668213,ok,
double_cart_pole,er_cma,0,256,,0.01,,,,,,,0.1,0.001,1.0,0.1,0.0,0.3,19.308204650878906,8.744521141052246,ok,
double_cart_pole,er_cma,0,256,,0.1,,,,,,,0.1,0.001,1.0,0.1,0.0,0.3,20.521303176879883,8.654540538787842,ok,
double_cart_pole,er_cma,0,256,,0.5,,,,,,,0.1,0.001,1.0,0.1,0.0,0.3,43.2745475769043,8.60699725151062,ok,
double_cart_pole,er_cma,0,256,,1.0,,,,,,,0.1,0.001,1.0,0.1,0.0,0.3,42.533973693847656,8.61249303817749,ok,
double_cart_pole,er_cma,0,256,,0.01,,,,,,,0.1,0.001,1.0,0.3,0.0,0.3,37.368064880371094,8.645554542541504,ok,
double_cart_pole,er_cma,0,256,,0.1,,,,,,,0.1,0.001,1.0,0.3,0.0,0.3,27.627531051635742,8.622843980789185,ok,
double_cart_pole,er_cma,0,256,,0.5,,,,,,,0.1,0.001,1.0,0.3,0.0,0.3,41.566200256347656,8.679198980331421,ok,
double_cart_pole,er_cma,0,256,,1.0,,,,,,,0.1,0.001,1.0,0.3,0.0,0.3,42.44871139526367,8.666527032852173,ok,
double_cart_pole,er_cma,0,256,,0.01,,,,,,,0.1,0.001,1.0,1.0,0.0,0.3,32.064605712890625,8.708688259124756,ok,
double_cart_pole,er_cma,0,256,,0.1,,,,,,,0.1,0.001,1.0,1.0,0.0,0.3,33.2457389831543,8.680493354797363,ok,
double_cart_pole,er_cma,0,256,,0.5,,,,,,,0.1,0.001,1.0,1.0,0.0,0.3,32.465187072753906,8.78014349937439,ok,
double_cart_pole,er_cma,0,256,,1.0,,,,,,,0.1,0.001,1.0,1.0,0.0,0.3,48.09733200073242,8.640568971633911,ok,
double_cart_pole,er_cma,0,256,,0.01,,,,,,,0.1,0.001,1.0,0.05,0.0,0.5,19.443830490112305,8.599468469619751,ok,
double_cart_pole,er_cma,0,256,,0.1,,,,,,,0.1,0.001,1.0,0.05,0.0,0.5,19.276947021484375,8.667239665985107,ok,
double_cart_pole,er_cma,0,256,,0.5,,,,,,,0.1,0.001,1.0,0.05,0.0,0.5,20.54052734375,8.615537881851196,ok,
double_cart_pole,er_cma,0,256,,1.0,,,,,,,0.1,0.001,1.0,0.05,0.0,0.5,30.645977020263672,8.727243423461914,ok,
double_cart_pole,er_cma,0,256,,0.01,,,,,,,0.1,0.001,1.0,0.1,0.0,0.5,19.19528579711914,8.650462627410889,ok,
double_cart_pole,er_cma,0,256,,0.1,,,,,,,0.1,0.001,1.0,0.1,0.0,0.5,19.49791145324707,8.58848261833191,ok,
double_cart_pole,er_cma,0,256,,0.5,,,,,,,0.1,0.001,1.0,0.1,0.0,0.5,39.034454345703125,8.902778625488281,ok,
double_cart_pole,er_cma,0,256,,1.0,,,,,,,0.1,0.001,1.0,0.1,0.0,0.5,41.84557342529297,8.715123653411865,ok,
double_cart_pole,er_cma,0,256,,0.01,,,,,,,0.1,0.001,1.0,0.3,0.0,0.5,39.203617095947266,8.594187259674072,ok,
double_cart_pole,er_cma,0,256,,0.1,,,,,,,0.1,0.001,1.0,0.3,0.0,0.5,29.333274841308594,8.625452995300293,ok,
double_cart_pole,er_cma,0,256,,0.5,,,,,,,0.1,0.001,1.0,0.3,0.0,0.5,42.47521209716797,8.636795997619629,ok,
double_cart_pole,er_cma,0,256,,1.0,,,,,,,0.1,0.001,1.0,0.3,0.0,0.5,42.2701530456543,8.88379979133606,ok,
double_cart_pole,er_cma,0,256,,0.01,,,,,,,0.1,0.001,1.0,1.0,0.0,0.5,34.09772491455078,8.746094703674316,ok,
double_cart_pole,er_cma,0,256,,0.1,,,,,,,0.1,0.001,1.0,1.0,0.0,0.5,36.52204895019531,8.581676244735718,ok,
double_cart_pole,er_cma,0,256,,0.5,,,,,,,0.1,0.001,1.0,1.0,0.0,0.5,26.192188262939453,8.658194780349731,ok,
double_cart_pole,er_cma,0,256,,1.0,,,,,,,0.1,0.001,1.0,1.0,0.0,0.5,41.977882385253906,8.606101274490356,ok,
double_cart_pole,er_cma,0,256,,0.01,,,,,,,0.1,0.001,1.0,0.05,0.1,0.1,19.6160888671875,8.700650215148926,ok,
double_cart_pole,er_cma,0,256,,0.1,,,,,,,0.1,0.001,1.0,0.05,0.1,0.1,19.249195098876953,8.76404881477356,ok,
double_cart_pole,er_cma,0,256,,0.5,,,,,,,0.1,0.001,1.0,0.05,0.1,0.1,22.167543411254883,8.648350954055786,ok,
double_cart_pole,er_cma,0,256,,1.0,,,,,,,0.1,0.001,1.0,0.05,0.1,0.1,38.601619720458984,8.62960433959961,ok,
double_cart_pole,er_cma,0,256,,0.01,,,,,,,0.1,0.001,1.0,0.1,0.1,0.1,19.04570960998535,8.686471700668335,ok,
double_cart_pole,er_cma,0,256,,0.1,,,,,,,0.1,0.001,1.0,0.1,0.1,0.1,20.701284408569336,8.666465044021606,ok,
double_cart_pole,er_cma,0,256,,0.5,,,,,,,0.1,0.001,1.0,0.1,0.1,0.1,48.22753143310547,8.623926639556885,ok,
double_cart_pole,er_cma,0,256,,1.0,,,,,,,0.1,0.001,1.0,0.1,0.1,0.1,42.149478912353516,8.605391502380371,ok,
double_cart_pole,er_cma,0,256,,0.01,,,,,,,0.1,0.001,1.0,0.3,0.1,0.1,39.05183792114258,8.792271375656128,ok,
double_cart_pole,er_cma,0,256,,0.1,,,,,,,0.1,0.001,1.0,0.3,0.1,0.1,31.088407516479492,8.641848802566528,ok,
double_cart_pole,er_cma,0,256,,0.5,,,,,,,0.1,0.001,1.0,0.3,0.1,0.1,44.68170166015625,8.679846286773682,ok,
double_cart_pole,er_cma,0,256,,1.0,,,,,,,0.1,0.001,1.0,0.3,0.1,0.1,32.18484878540039,8.666593551635742,ok,
double_cart_pole,er_cma,0,256,,0.01,,,,,,,0.1,0.001,1.0,1.0,0.1,0.1,36.73628616333008,8.602440357208252,ok,
double_cart_pole,er_cma,0,256,,0.1,,,,,,,0.1,0.001,1.0,1.0,0.1,0.1,32.580657958984375,8.658976316452026,ok,
double_cart_pole,er_cma,0,256,,0.5,,,,,,,0.1,0.001,1.0,1.0,0.1,0.1,36.82881546020508,8.659202814102173,ok,
double_cart_pole,er_cma,0,256,,1.0,,,,,,,0.1,0.001,1.0,1.0,0.1,0.1,38.38432312011719,8.604585409164429,ok,
double_cart_pole,er_cma,0,256,,0.01,,,,,,,0.1,0.001,1.0,0.05,0.1,0.3,20.012718200683594,8.750264883041382,ok,
double_cart_pole,er_cma,0,256,,0.1,,,,,,,0.1,0.001,1.0,0.05,0.1,0.3,19.42831802368164,8.618362665176392,ok,
double_cart_pole,er_cma,0,256,,0.5,,,,,,,0.1,0.001,1.0,0.05,0.1,0.3,20.65876007080078,8.61751651763916,ok,
double_cart_pole,er_cma,0,256,,1.0,,,,,,,0.1,0.001,1.0,0.05,0.1,0.3,23.730682373046875,8.643393278121948,ok,
double_cart_pole,er_cma,0,256,,0.01,,,,,,,0.1,0.001,1.0,0.1,0.1,0.3,19.182701110839844,8.657275438308716,ok,
double_cart_pole,er_cma,0,256,,0.1,,,,,,,0.1,0.001,1.0,0.1,0.1,0.3,20.44898796081543,8.626516342163086,ok,
double_cart_pole,er_cma,0,256,,0.5,,,,,,,0.1,0.001,1.0,0.1,0.1,0.3,49.423187255859375,8.778611421585083,ok,
double_cart_pole,er_cma,0,256,,1.0,,,,,,,0.1,0.001,1.0,0.1,0.1,0.3,42.36351776123047,8.706171989440918,ok,
double_cart_pole,er_cma,0,256,,0.01,,,,,,,0.1,0.001,1.0,0.3,0.1,0.3,37.647850036621094,8.633150815963745,ok,
double_cart_pole,er_cma,0,256,,0.1,,,,,,,0.1,0.001,1.0,0.3,0.1,0.3,31.640750885009766,8.597827911376953,ok,
double_cart_pole,er_cma,0,256,,0.5,,,,,,,0.1,0.001,1.0,0.3,0.1,0.3,43.38905334472656,8.981130599975586,ok,
double_cart_pole,er_cma,0,256,,1.0,,,,,,,0.1,0.001,1.0,0.3,0.1,0.3,34.498939514160156,8.911872863769531,ok,
double_cart_pole,er_cma,0,256,,0.01,,,,,,,0.1,0.001,1.0,1.0,0.1,0.3,34.47853469848633,8.926995992660522,ok,
double_cart_pole,er_cma,0,256,,0.1,,,,,,,0.1,0.001,1.0,1.0,0.1,0.3,34.56066131591797,8.867215156555176,ok,
double_cart_pole,er_cma,0,256,,0.5,,,,,,,0.1,0.001,1.0,1.0,0.1,0.3,46.7364501953125,8.640226364135742,ok,
double_cart_pole,er_cma,0,256,,1.0,,,,,,,0.1,0.001,1.0,1.0,0.1,0.3,36.026031494140625,8.693288326263428,ok,
double_cart_pole,er_cma,0,256,,0.01,,,,,,,0.1,0.001,1.0,0.05,0.1,0.5,19.980329513549805,8.648101806640625,ok,
double_cart_pole,er_cma,0,256,,0.1,,,,,,,0.1,0.001,1.0,0.05,0.1,0.5,19.26775360107422,8.656609058380127,ok,
double_cart_pole,er_cma,0,256,,0.5,,,,,,,0.1,0.001,1.0,0.05,0.1,0.5,20.59979820251465,8.622448444366455,ok,
double_cart_pole,er_cma,0,256,,1.0,,,,,,,0.1,0.001,1.0,0.05,0.1,0.5,32.74072265625,8.607328653335571,ok,
double_cart_pole,er_cma,0,256,,0.01,,,,,,,0.1,0.001,1.0,0.1,0.1,0.5,19.03904151916504,8.591079235076904,ok,
double_cart_pole,er_cma,0,256,,0.1,,,,,,,0.1,0.001,1.0,0.1,0.1,0.5,19.632877349853516,8.647279739379883,ok,
double_cart_pole,er_cma,0,256,,0.5,,,,,,,0.1,0.001,1.0,0.1,0.1,0.5,37.99137878417969,8.64161491394043,ok,
double_cart_pole,er_cma,0,256,,1.0,,,,,,,0.1,0.001,1.0,0.1,0.1,0.5,41.5632209777832,8.626595735549927,ok,
double_cart_pole,er_cma,0,256,,0.01,,,,,,,0.1,0.001,1.0,0.3,0.1,0.5,45.00505065917969,8.564780712127686,ok,
double_cart_pole,er_cma,0,256,,0.1,,,,,,,0.1,0.001,1.0,0.3,0.1,0.5,40.52833938598633,8.626541376113892,ok,
double_cart_pole,er_cma,0,256,,0.5,,,,,,,0.1,0.001,1.0,0.3,0.1,0.5,42.217952728271484,8.612577676773071,ok,
double_cart_pole,er_cma,0,256,,1.0,,,,,,,0.1,0.001,1.0,0.3,0.1,0.5,43.197994232177734,8.670693397521973,ok,
double_cart_pole,er_cma,0,256,,0.01,,,,,,,0.1,0.001,1.0,1.0,0.1,0.5,35.56863784790039,8.654019355773926,ok,
double_cart_pole,er_cma,0,256,,0.1,,,,,,,0.1,0.001,1.0,1.0,0.1,0.5,35.47595977783203,8.602312564849854,ok,
double_cart_pole,er_cma,0,256,,0.5,,,,,,,0.1,0.001,1.0,1.0,0.1,0.5,43.2382926940918,8.674342632293701,ok,
double_cart_pole,er_cma,0,256,,1.0,,,,,,,0.1,0.001,1.0,1.0,0.1,0.5,43.47528076171875,8.683464527130127,ok,
double_cart_pole,er_cma,0,256,,0.01,,,,,,,0.1,0.001,1.0,0.05,0.3,0.3,19.540138244628906,8.79101300239563,ok,
double_cart_pole,er_cma,0,256,,0.1,,,,,,,0.1,0.001,1.0,0.05,0.3,0.3,19.401718139648438,8.643791198730469,ok,
double_cart_pole,er_cma,0,256,,0.5,,,,,,,0.1,0.001,1.0,0.05,0.3,0.3,20.609357833862305,8.66490888595581,ok,
double_cart_pole,er_cma,0,256,,1.0,,,,,,,0.1,0.001,1.0,0.05,0.3,0.3,22.897968292236328,8.655879259109497,ok,
double_cart_pole,er_cma,0,256,,0.01,,,,,,,0.1,0.001,1.0,0.1,0.3,0.3,19.159090042114258,8.629345893859863,ok,
double_cart_pole,er_cma,0,256,,0.1,,,,,,,0.1,0.001,1.0,0.1,0.3,0.3,19.53984260559082,8.656588315963745,ok,
double_cart_pole,er_cma,0,256,,0.5,,,,,,,0.1,0.001,1.0,0.1,0.3,0.3,33.88146209716797,8.622855186462402,ok,
double_cart_pole,er_cma,0,256,,1.0,,,,,,,0.1,0.001,1.0,0.1,0.3,0.3,41.106468200683594,8.63350534439087,ok,
double_cart_pole,er_cma,0,256,,0.01,,,,,,,0.1,0.001,1.0,0.3,0.3,0.3,37.854949951171875,8.578362703323364,ok,
double_cart_pole,er_cma,0,256,,0.1,,,,,,,0.1,0.001,1.0,0.3,0.3,0.3,39.086883544921875,8.665103912353516,ok,
double_cart_pole,er_cma,0,256,,0.5,,,,,,,0.1,0.001,1.0,0.3,0.3,0.3,36.388206481933594,8.643606424331665,ok,
double_cart_pole,er_cma,0,256,,1.0,,,,,,,0.1,0.001,1.0,0.3,0.3,0.3,33.81071472167969,8.733541011810303,ok,
double_cart_pole,er_cma,0,256,,0.01,,,,,,,0.1,0.001,1.0,1.0,0.3,0.3,29.867162704467773,8.699182748794556,ok,
double_cart_pole,er_cma,0,256,,0.1,,,,,,,0.1,0.001,1.0,1.0,0.3,0.3,36.14333724975586,8.706365585327148,ok,
double_cart_pole,er_cma,0,256,,0.5,,,,,,,0.1,0.001,1.0,1.0,0.3,0.3,45.223289489746094,8.670970916748047,ok,
double_cart_pole,er_cma,0,256,,1.0,,,,,,,0.1,0.001,1.0,1.0,0.3,0.3,49.102386474609375,8.644195318222046,ok,
double_cart_pole,er_cma,0,256,,0.01,,,,,,,0.1,0.001,1.0,0.05,0.3,0.5,19.248544692993164,8.708846092224121,ok,
double_cart_pole,er_cma,0,256,,0.1,,,,,,,0.1,0.001,1.0,0.05,0.3,0.5,19.46308135986328,8.615190744400024,ok,
double_cart_pole,er_cma,0,256,,0.5,,,,,,,0.1,0.001,1.0,0.05,0.3,0.5,20.305400848388672,8.88760495185852,ok,
double_cart_pole,er_cma,0,256,,1.0,,,,,,,0.1,0.001,1.0,0.05,0.3,0.5,20.53767967224121,8.667667388916016,ok,
double_cart_pole,er_cma,0,256,,0.01,,,,,,,0.1,0.001,1.0,0.1,0.3,0.5,26.666019439697266,8.628588676452637,ok,
double_cart_pole,er_cma,0,256,,0.1,,,,,,,0.1,0.001,1.0,0.1,0.3,0.5,19.256710052490234,8.685710906982422,ok,
double_cart_pole,er_cma,0,256,,0.5,,,,,,,0.1,0.001,1.0,0.1,0.3,0.5,19.63969612121582,8.917733192443848,ok,
double_cart_pole,er_cma,0,256,,1.0,,,,,,,0.1,0.001,1.0,0.1,0.3,0.5,36.328697204589844,8.99830174446106,ok,
double_cart_pole,er_cma,0,256,,0.01,,,,,,,0.1,0.001,1.0,0.3,0.3,0.5,38.66477966308594,8.903234720230103,ok,
double_cart_pole,er_cma,0,256,,0.1,,,,,,,0.1,0.001,1.0,0.3,0.3,0.5,42.45221710205078,8.965112447738647,ok,
double_cart_pole,er_cma,0,256,,0.5,,,,,,,0.1,0.001,1.0,0.3,0.3,0.5,30.319530487060547,8.80036187171936,ok,
double_cart_pole,er_cma,0,256,,1.0,,,,,,,0.1,0.001,1.0,0.3,0.3,0.5,36.699989318847656,8.763352394104004,ok,
double_cart_pole,er_cma,0,256,,0.01,,,,,,,0.1,0.001,1.0,1.0,0.3,0.5,30.108434677124023,8.680477857589722,ok,
double_cart_pole,er_cma,0,256,,0.1,,,,,,,0.1,0.001,1.0,1.0,0.3,0.5,47.888980865478516,8.625327587127686,ok,
double_cart_pole,er_cma,0,256,,0.5,,,,,,,0.1,0.001,1.0,1.0,0.3,0.5,34.962520599365234,8.822418689727783,ok,
double_cart_pole,er_cma,0,256,,1.0,,,,,,,0.1,0.001,1.0,1.0,0.3,0.5,32.42372512817383,8.591232776641846,ok,
double_cart_pole,er_cma,0,256,,0.01,,,,,,,0.1,0.001,1.0,0.05,0.5,0.5,19.094619750976562,8.764254808425903,ok,
double_cart_pole,er_cma,0,256,,0.1,,,,,,,0.1,0.001,1.0,0.05,0.5,0.5,19.653451919555664,9.468062400817871,ok,
double_cart_pole,er_cma,0,256,,0.5,,,,,,,0.1,0.001,1.0,0.05,0.5,0.5,26.845483779907227,9.217696189880371,ok,
double_cart_pole,er_cma,0,256,,1.0,,,,,,,0.1,0.001,1.0,0.05,0.5,0.5,20.851579666137695,9.4739670753479,ok,
double_cart_pole,er_cma,0,256,,0.01,,,,,,,0.1,0.001,1.0,0.1,0.5,0.5,26.249889373779297,8.759624719619751,ok,
double_cart_pole,er_cma,0,256,,0.1,,,,,,,0.1,0.001,1.0,0.1,0.5,0.5,19.05942726135254,8.805528402328491,ok,
double_cart_pole,er_cma,0,256,,0.5,,,,,,,0.1,0.001,1.0,0.1,0.5,0.5,19.248056411743164,8.692195177078247,ok,
double_cart_pole,er_cma,0,256,,1.0,,,,,,,0.1,0.001,1.0,0.1,0.5,0.5,27.08376121520996,8.642965078353882,ok,
double_cart_pole,er_cma,0,256,,0.01,,,,,,,0.1,0.001,1.0,0.3,0.5,0.5,27.441177368164062,8.725088357925415,ok,
double_cart_pole,er_cma,0,256,,0.1,,,,,,,0.1,0.001,1.0,0.3,0.5,0.5,29.953205108642578,8.644187211990356,ok,
double_cart_pole,er_cma,0,256,,0.5,,,,,,,0.1,0.001,1.0,0.3,0.5,0.5,25.718551635742188,9.014090776443481,ok,
double_cart_pole,er_cma,0,256,,1.0,,,,,,,0.1,0.001,1.0,0.3,0.5,0.5,32.7996711730957,8.811819553375244,ok,
double_cart_pole,er_cma,0,256,,0.01,,,,,,,0.1,0.001,1.0,1.0,0.5,0.5,33.0196533203125,8.681242942810059,ok,
double_cart_pole,er_cma,0,256,,0.1,,,,,,,0.1,0.001,1.0,1.0,0.5,0.5,30.953872680664062,9.4191255569458,ok,
double_cart_pole,er_cma,0,256,,0.5,,,,,,,0.1,0.001,1.0,1.0,0.5,0.5,38.233882904052734,9.149908542633057,ok,
double_cart_pole,er_cma,0,256,,1.0,,,,,,,0.1,0.001,1.0,1.0,0.5,0.5,34.49367141723633,9.166040182113647,ok,
particle,ps,0,256,0.05,,,,,,,,,,,,,,0.15054717659950256,4.49596095085144,ok,
particle,ps,0,256,0.1,,,,,,,,,,,,,,0.12749212980270386,4.506194114685059,ok,
particle,ps,0,256,0.3,,,,,,,,,,,,,,0.13164347410202026,4.4974846839904785,ok,
particle,ps,0,256,0.5,,,,,,,,,,,,,,0.1463111788034439,4.520434617996216,ok,
particle,ps,0,256,1.0,,,,,,,,,,,,,,0.1709383875131607,4.565081596374512,ok,
particle,mppi,0,256,0.1,0.01,,,,,,,,,,,,,0.21833714842796326,4.478791236877441,ok,
particle,mppi,0,256,0.1,0.1,,,,,,,,,,,,,0.3574783205986023,4.51257586479187,ok,
particle,mppi,0,256,0.1,0.5,,,,,,,,,,,,,0.5768882036209106,4.500427961349487,ok,
particle,mppi,0,256,0.1,1.0,,,,,,,,,,,,,0.6252954602241516,4.495189666748047,ok,
particle,mppi,0,256,0.3,0.01,,,,,,,,,,,,,0.12495899200439453,4.472562789916992,ok,
particle,mppi,0,256,0.3,0.1,,,,,,,,,,,,,0.20181837677955627,4.542616844177246,ok,
particle,mppi,0,256,0.3,0.5,,,,,,,,,,,,,0.31535717844963074,4.844892501831055,ok,
particle,mppi,0,256,0.3,1.0,,,,,,,,,,,,,0.4324379861354828,4.610215902328491,ok,
particle,mppi,0,256,0.5,0.01,,,,,,,,,,,,,0.11955952644348145,4.573808908462524,ok,
particle,mppi,0,256,0.5,0.1,,,,,,,,,,,,,0.16164420545101166,4.50135064125061,ok,
particle,mppi,0,256,0.5,0.5,,,,,,,,,,,,,0.26645901799201965,4.5479044914245605,ok,
particle,mppi,0,256,0.5,1.0,,,,,,,,,,,,,0.3743738830089569,4.505168914794922,ok,
particle,mppi,0,256,1.0,0.01,,,,,,,,,,,,,0.11798983812332153,4.461836576461792,ok,
particle,mppi,0,256,1.0,0.1,,,,,,,,,,,,,0.15810981392860413,4.253169775009155,ok,
particle,mppi,0,256,1.0,0.5,,,,,,,,,,,,,0.344036728143692,4.51436710357666,ok,
particle,mppi,0,256,1.0,1.0,,,,,,,,,,,,,0.45739203691482544,4.246099948883057,ok,
particle,cem,0,256,,,0.1,0.001,4,0.0,,,,,,,,,0.2074635922908783,4.197224855422974,ok,
particle,cem,0,256,,,0.1,0.001,8,0.0,,,,,,,,,0.24909092485904694,4.209639310836792,ok,
particle,cem,0,256,,,0.1,0.001,16,0.0,,,,,,,,,0.23685090243816376,4.205835580825806,ok,
particle,cem,0,256,,,0.3,0.001,4,0.0,,,,,,,,,0.2853502333164215,0.9417951107025146,ok,
particle,cem,0,256,,,0.3,0.001,8,0.0,,,,,,,,,0.29362744092941284,0.9394631385803223,ok,
particle,cem,0,256,,,0.3,0.001,16,0.0,,,,,,,,,0.29216229915618896,0.936708927154541,ok,
particle,cem,0,256,,,0.5,0.001,4,0.0,,,,,,,,,0.30729377269744873,0.9326386451721191,ok,
particle,cem,0,256,,,0.5,0.001,8,0.0,,,,,,,,,0.28874918818473816,0.9672350883483887,ok,
particle,cem,0,256,,,0.5,0.001,16,0.0,,,,,,,,,0.2859460711479187,0.9532551765441895,ok,
particle,cem,0,256,,,1.0,0.001,4,0.0,,,,,,,,,0.2891663908958435,0.9801559448242188,ok,
particle,cem,0,256,,,1.0,0.001,8,0.0,,,,,,,,,0.2786073088645935,0.9961459636688232,ok,
particle,cem,0,256,,,1.0,0.001,16,0.0,,,,,,,,,0.2829253673553467,0.9718649387359619,ok,
particle,dial,0,256,1.0,0.01,,,,,0.5,0.5,,,,,,,0.18166358768939972,4.192295789718628,ok,
particle,dial,0,256,1.0,0.01,,,,,0.5,1.0,,,,,,,0.12316800653934479,4.596996307373047,ok,
particle,dial,0,256,1.0,0.01,,,,,0.5,2.0,,,,,,,0.11897226423025131,4.193420648574829,ok,
particle,dial,0,256,1.0,0.01,,,,,1.0,0.5,,,,,,,0.18166358768939972,4.191670179367065,ok,
particle,dial,0,256,1.0,0.01,,,,,1.0,1.0,,,,,,,0.12316800653934479,4.180191516876221,ok,
particle,dial,0,256,1.0,0.01,,,,,1.0,2.0,,,,,,,0.11897226423025131,4.172545909881592,ok,
particle,dial,0,256,1.0,0.01,,,,,2.0,0.5,,,,,,,0.18166358768939972,4.206946849822998,ok,
particle,dial,0,256,1.0,0.01,,,,,2.0,1.0,,,,,,,0.12316800653934479,4.4148640632629395,ok,
particle,dial,0,256,1.0,0.01,,,,,2.0,2.0,,,,,,,0.11897226423025131,4.3258819580078125,ok,
particle,mppi_cma,0,256,,0.01,,,,,,,1.0,0.001,,0.05,,,0.11801040917634964,4.33870005607605,ok,
particle,mppi_cma,0,256,,0.1,,,,,,,1.0,0.001,,0.05,,,0.1554848551750183,4.290872097015381,ok,
particle,mppi_cma,0,256,,0.5,,,,,,,1.0,0.001,,0.05,,,0.3129183053970337,4.363537549972534,ok,
particle,mppi_cma,0,256,,1.0,,,,,,,1.0,0.001,,0.05,,,0.4246847331523895,4.258175611495972,ok,
particle,mppi_cma,0,256,,0.01,,,,,,,1.0,0.001,,0.1,,,0.11863681674003601,4.382615327835083,ok,
particle,mppi_cma,0,256,,0.1,,,,,,,1.0,0.001,,0.1,,,0.15699826180934906,4.256062030792236,ok,
particle,mppi_cma,0,256,,0.5,,,,,,,1.0,0.001,,0.1,,,0.2898828983306885,4.251368761062622,ok,
particle,mppi_cma,0,256,,1.0,,,,,,,1.0,0.001,,0.1,,,0.397188663482666,4.249054908752441,ok,
particle,mppi_cma,0,256,,0.01,,,,,,,1.0,0.001,,0.3,,,0.1402071863412857,4.231421947479248,ok,
particle,mppi_cma,0,256,,0.1,,,,,,,1.0,0.001,,0.3,,,0.1726243495941162,4.242626428604126,ok,
particle,mppi_cma,0,256,,0.5,,,,,,,1.0,0.001,,0.3,,,0.26188942790031433,4.255061149597168,ok,
particle,mppi_cma,0,256,,1.0,,,,,,,1.0,0.001,,0.3,,,0.357311487197876,4.320754289627075,ok,
particle,mppi_cma,0,256,,0.01,,,,,,,1.0,0.001,,1.0,,,0.26108092069625854,4.316842317581177,ok,
particle,mppi_cma,0,256,,0.1,,,,,,,1.0,0.001,,1.0,,,0.19503536820411682,4.244032621383667,ok,
particle,mppi_cma,0,256,,0.5,,,,,,,1.0,0.001,,1.0,,,0.2512036859989166,4.262111186981201,ok,
particle,mppi_cma,0,256,,1.0,,,,,,,1.0,0.001,,1.0,,,0.3325965702533722,4.2662575244903564,ok,
particle,er_cma,0,256,,0.01,,,,,,,1.0,0.001,1.0,0.05,0.0,0.1,0.1180410087108612,4.258852243423462,ok,
particle,er_cma,0,256,,0.1,,,,,,,1.0,0.001,1.0,0.05,0.0,0.1,0.15547923743724823,4.27187180519104,ok,
particle,er_cma,0,256,,0.5,,,,,,,1.0,0.001,1.0,0.05,0.0,0.1,0.3128867745399475,4.321908950805664,ok,
particle,er_cma,0,256,,1.0,,,,,,,1.0,0.001,1.0,0.05,0.0,0.1,0.4246722459793091,4.321521043777466,ok,
particle,er_cma,0,256,,0.01,,,,,,,1.0,0.001,1.0,0.1,0.0,0.1,0.11873208731412888,4.287254571914673,ok,
particle,er_cma,0,256,,0.1,,,,,,,1.0,0.001,1.0,0.1,0.0,0.1,0.15723080933094025,4.545929670333862,ok,
particle,er_cma,0,256,,0.5,,,,,,,1.0,0.001,1.0,0.1,0.0,0.1,0.2898259162902832,4.356738090515137,ok,
particle,er_cma,0,256,,1.0,,,,,,,1.0,0.001,1.0,0.1,0.0,0.1,0.3971490263938904,4.26518177986145,ok,
particle,er_cma,0,256,,0.01,,,,,,,1.0,0.001,1.0,0.3,0.0,0.1,0.14051517844200134,4.300666570663452,ok,
particle,er_cma,0,256,,0.1,,,,,,,1.0,0.001,1.0,0.3,0.0,0.1,0.17258583009243011,4.2496726512908936,ok,
particle,er_cma,0,256,,0.5,,,,,,,1.0,0.001,1.0,0.3,0.0,0.1,0.26190048456192017,4.310151815414429,ok,
particle,er_cma,0,256,,1.0,,,,,,,1.0,0.001,1.0,0.3,0.0,0.1,0.35733288526535034,4.290230989456177,ok,
particle,er_cma,0,256,,0.01,,,,,,,1.0,0.001,1.0,1.0,0.0,0.1,0.261288046836853,4.295018196105957,ok,
particle,er_cma,0,256,,0.1,,,,,,,1.0,0.001,1.0,1.0,0.0,0.1,0.19463224709033966,4.307717800140381,ok,
particle,er_cma,0,256,,0.5,,,,,,,1.0,0.001,1.0,1.0,0.0,0.1,0.2514306604862213,4.329305410385132,ok,
particle,er_cma,0,256,,1.0,,,,,,,1.0,0.001,1.0,1.0,0.0,0.1,0.3326684832572937,4.253026247024536,ok,
particle,er_cma,0,256,,0.01,,,,,,,1.0,0.001,1.0,0.05,0.0,0.3,0.11813342571258545,4.250206708908081,ok,
particle,er_cma,0,256,,0.1,,,,,,,1.0,0.001,1.0,0.05,0.0,0.3,0.15547139942646027,4.224284887313843,ok,
particle,er_cma,0,256,,0.5,,,,,,,1.0,0.001,1.0,0.05,0.0,0.3,0.3128303587436676,4.31710147857666,ok,
particle,er_cma,0,256,,1.0,,,,,,,1.0,0.001,1.0,0.05,0.0,0.3,0.424649178981781,4.297179222106934,ok,
particle,er_cma,0,256,,0.01,,,,,,,1.0,0.001,1.0,0.1,0.0,0.3,0.11897885799407959,4.684116363525391,ok,
particle,er_cma,0,256,,0.1,,,,,,,1.0,0.001,1.0,0.1,0.0,0.3,0.15791946649551392,4.286239385604858,ok,
particle,er_cma,0,256,,0.5,,,,,,,1.0,0.001,1.0,0.1,0.0,0.3,0.2897520363330841,4.268670558929443,ok,
particle,er_cma,0,256,,1.0,,,,,,,1.0,0.001,1.0,0.1,0.0,0.3,0.39711570739746094,4.262593507766724,ok,
particle,er_cma,0,256,,0.01,,,,,,,1.0,0.001,1.0,0.3,0.0,0.3,0.14091405272483826,4.251848459243774,ok,
particle,er_cma,0,256,,0.1,,,,,,,1.0,0.001,1.0,0.3,0.0,0.3,0.17332297563552856,4.30203104019165,ok,
particle,er_cma,0,256,,0.5,,,,,,,1.0,0.001,1.0,0.3,0.0,0.3,0.261985719203949,4.252218246459961,ok,
particle,er_cma,0,256,,1.0,,,,,,,1.0,0.001,1.0,0.3,0.0,0.3,0.3573720157146454,4.365005970001221,ok,
particle,er_cma,0,256,,0.01,,,,,,,1.0,0.001,1.0,1.0,0.0,0.3,0.2625121474266052,4.584788799285889,ok,
particle,er_cma,0,256,,0.1,,,,,,,1.0,0.001,1.0,1.0,0.0,0.3,0.19500774145126343,4.271674394607544,ok,
particle,er_cma,0,256,,0.5,,,,,,,1.0,0.001,1.0,1.0,0.0,0.3,0.25188857316970825,4.3762147426605225,ok,
particle,er_cma,0,256,,1.0,,,,,,,1.0,0.001,1.0,1.0,0.0,0.3,0.3329744040966034,4.292706727981567,ok,
particle,er_cma,0,256,,0.01,,,,,,,1.0,0.001,1.0,0.05,0.0,0.5,0.11822506040334702,4.268216848373413,ok,
particle,er_cma,0,256,,0.1,,,,,,,1.0,0.001,1.0,0.05,0.0,0.5,0.1554638296365738,4.307913780212402,ok,
particle,er_cma,0,256,,0.5,,,,,,,1.0,0.001,1.0,0.05,0.0,0.5,0.3127797245979309,4.342656373977661,ok,
particle,er_cma,0,256,,1.0,,,,,,,1.0,0.001,1.0,0.05,0.0,0.5,0.42463141679763794,4.317338228225708,ok,
particle,er_cma,0,256,,0.01,,,,,,,1.0,0.001,1.0,0.1,0.0,0.5,0.11927629262208939,4.58647894859314,ok,
particle,er_cma,0,256,,0.1,,,,,,,1.0,0.001,1.0,0.1,0.0,0.5,0.15875937044620514,4.309181451797485,ok,
particle,er_cma,0,256,,0.5,,,,,,,1.0,0.001,1.0,0.1,0.0,0.5,0.28970086574554443,4.2125937938690186,ok,
particle,er_cma,0,256,,1.0,,,,,,,1.0,0.001,1.0,0.1,0.0,0.5,0.3971124291419983,4.321615934371948,ok,
particle,er_cma,0,256,,0.01,,,,,,,1.0,0.001,1.0,0.3,0.0,0.5,0.14255939424037933,4.305765867233276,ok,
particle,er_cma,0,256,,0.1,,,,,,,1.0,0.001,1.0,0.3,0.0,0.5,0.17413324117660522,4.3180506229400635,ok,
particle,er_cma,0,256,,0.5,,,,,,,1.0,0.001,1.0,0.3,0.0,0.5,0.2621547281742096,4.292374849319458,ok,
particle,er_cma,0,256,,1.0,,,,,,,1.0,0.001,1.0,0.3,0.0,0.5,0.3574216663837433,4.329280376434326,ok,
particle,er_cma,0,256,,0.01,,,,,,,1.0,0.001,1.0,1.0,0.0,0.5,0.2630184590816498,4.352332353591919,ok,
particle,er_cma,0,256,,0.1,,,,,,,1.0,0.001,1.0,1.0,0.0,0.5,0.19588720798492432,4.264823913574219,ok,
particle,er_cma,0,256,,0.5,,,,,,,1.0,0.001,1.0,1.0,0.0,0.5,0.2523214519023895,4.31499719619751,ok,
particle,er_cma,0,256,,1.0,,,,,,,1.0,0.001,1.0,1.0,0.0,0.5,0.3332294225692749,4.37236762046814,ok,
particle,er_cma,0,256,,0.01,,,,,,,1.0,0.001,1.0,0.05,0.1,0.1,0.11801327764987946,4.304039716720581,ok,
particle,er_cma,0,256,,0.1,,,,,,,1.0,0.001,1.0,0.05,0.1,0.1,0.15551893413066864,4.239900350570679,ok,
particle,er_cma,0,256,,0.5,,,,,,,1.0,0.001,1.0,0.05,0.1,0.1,0.31801638007164,4.3590428829193115,ok,
particle,er_cma,0,256,,1.0,,,,,,,1.0,0.001,1.0,0.05,0.1,0.1,0.43057841062545776,4.334927082061768,ok,
particle,er_cma,0,256,,0.01,,,,,,,1.0,0.001,1.0,0.1,0.1,0.1,0.11852956563234329,4.285078525543213,ok,
particle,er_cma,0,256,,0.1,,,,,,,1.0,0.001,1.0,0.1,0.1,0.1,0.15468108654022217,4.2779319286346436,ok,
particle,er_cma,0,256,,0.5,,,,,,,1.0,0.001,1.0,0.1,0.1,0.1,0.2986209988594055,4.284284830093384,ok,
particle,er_cma,0,256,,1.0,,,,,,,1.0,0.001,1.0,0.1,0.1,0.1,0.40983912348747253,4.3087568283081055,ok,
particle,er_cma,0,256,,0.01,,,,,,,1.0,0.001,1.0,0.3,0.1,0.1,0.1274132877588272,4.301980257034302,ok,
particle,er_cma,0,256,,0.1,,,,,,,1.0,0.001,1.0,0.3,0.1,0.1,0.15951858460903168,4.28381609916687,ok,
particle,er_cma,0,256,,0.5,,,,,,,1.0,0.001,1.0,0.3,0.1,0.1,0.2668094038963318,4.302215337753296,ok,
particle,er_cma,0,256,,1.0,,,,,,,1.0,0.001,1.0,0.3,0.1,0.1,0.3752268850803375,4.274672746658325,ok,
particle,er_cma,0,256,,0.01,,,,,,,1.0,0.001,1.0,1.0,0.1,0.1,0.1869589239358902,4.337608098983765,ok,
particle,er_cma,0,256,,0.1,,,,,,,1.0,0.001,1.0,1.0,0.1,0.1,0.16289569437503815,4.3367063999176025,ok,
particle,er_cma,0,256,,0.5,,,,,,,1.0,0.001,1.0,1.0,0.1,0.1,0.25124117732048035,4.2680933475494385,ok,
particle,er_cma,0,256,,1.0,,,,,,,1.0,0.001,1.0,1.0,0.1,0.1,0.3549259305000305,4.364588022232056,ok,
particle,er_cma,0,256,,0.01,,,,,,,1.0,0.001,1.0,0.05,0.1,0.3,0.11810590326786041,4.367590665817261,ok,
particle,er_cma,0,256,,0.1,,,,,,,1.0,0.001,1.0,0.05,0.1,0.3,0.1555015742778778,4.600956916809082,ok,
particle,er_cma,0,256,,0.5,,,,,,,1.0,0.001,1.0,0.05,0.1,0.3,0.31794631481170654,4.3337318897247314,ok,
particle,er_cma,0,256,,1.0,,,,,,,1.0,0.001,1.0,0.05,0.1,0.3,0.43054625391960144,4.267873287200928,ok,
particle,er_cma,0,256,,0.01,,,,,,,1.0,0.001,1.0,0.1,0.1,0.3,0.11873027682304382,4.370033264160156,ok,
particle,er_cma,0,256,,0.1,,,,,,,1.0,0.001,1.0,0.1,0.1,0.3,0.1548018604516983,4.332610130310059,ok,
particle,er_cma,0,256,,0.5,,,,,,,1.0,0.001,1.0,0.1,0.1,0.3,0.29849138855934143,4.289060592651367,ok,
particle,er_cma,0,256,,1.0,,,,,,,1.0,0.001,1.0,0.1,0.1,0.3,0.4097873270511627,4.30027437210083,ok,
particle,er_cma,0,256,,0.01,,,,,,,1.0,0.001,1.0,0.3,0.1,0.3,0.12847763299942017,4.321961164474487,ok,
particle,er_cma,0,256,,0.1,,,,,,,1.0,0.001,1.0,0.3,0.1,0.3,0.15850192308425903,4.605548858642578,ok,
particle,er_cma,0,256,,0.5,,,,,,,1.0,0.001,1.0,0.3,0.1,0.3,0.2666664123535156,4.320614337921143,ok,
particle,er_cma,0,256,,1.0,,,,,,,1.0,0.001,1.0,0.3,0.1,0.3,0.37521985173225403,4.268444538116455,ok,
particle,er_cma,0,256,,0.01,,,,,,,1.0,0.001,1.0,1.0,0.1,0.3,0.18820278346538544,4.266600608825684,ok,
particle,er_cma,0,256,,0.1,,,,,,,1.0,0.001,1.0,1.0,0.1,0.3,0.16383324563503265,4.415720224380493,ok,
particle,er_cma,0,256,,0.5,,,,,,,1.0,0.001,1.0,1.0,0.1,0.3,0.25126925110816956,4.286597013473511,ok,
particle,er_cma,0,256,,1.0,,,,,,,1.0,0.001,1.0,1.0,0.1,0.3,0.35502171516418457,4.2645792961120605,ok,
particle,er_cma,0,256,,0.01,,,,,,,1.0,0.001,1.0,0.05,0.1,0.5,0.11819658428430557,4.360967636108398,ok,
particle,er_cma,0,256,,0.1,,,,,,,1.0,0.001,1.0,0.05,0.1,0.5,0.1554887294769287,4.75139594078064,ok,
particle,er_cma,0,256,,0.5,,,,,,,1.0,0.001,1.0,0.05,0.1,0.5,0.31787994503974915,4.389649391174316,ok,
particle,er_cma,0,256,,1.0,,,,,,,1.0,0.001,1.0,0.05,0.1,0.5,0.43052423000335693,4.36241340637207,ok,
particle,er_cma,0,256,,0.01,,,,,,,1.0,0.001,1.0,0.1,0.1,0.5,0.11898887157440186,4.331750392913818,ok,
particle,er_cma,0,256,,0.1,,,,,,,1.0,0.001,1.0,0.1,0.1,0.5,0.15492016077041626,4.254807472229004,ok,
particle,er_cma,0,256,,0.5,,,,,,,1.0,0.001,1.0,0.1,0.1,0.5,0.2983882427215576,4.322795391082764,ok,
particle,er_cma,0,256,,1.0,,,,,,,1.0,0.001,1.0,0.1,0.1,0.5,0.40976840257644653,4.314243316650391,ok,
particle,er_cma,0,256,,0.01,,,,,,,1.0,0.001,1.0,0.3,0.1,0.5,0.12979426980018616,4.2285284996032715,ok,
particle,er_cma,0,256,,0.1,,,,,,,1.0,0.001,1.0,0.3,0.1,0.5,0.16047842800617218,4.3518524169921875,ok,
particle,er_cma,0,256,,0.5,,,,,,,1.0,0.001,1.0,0.3,0.1,0.5,0.2666108012199402,4.3099260330200195,ok,
particle,er_cma,0,256,,1.0,,,,,,,1.0,0.001,1.0,0.3,0.1,0.5,0.37517204880714417,4.282135725021362,ok,
particle,er_cma,0,256,,0.01,,,,,,,1.0,0.001,1.0,1.0,0.1,0.5,0.19131091237068176,4.345848798751831,ok,
particle,er_cma,0,256,,0.1,,,,,,,1.0,0.001,1.0,1.0,0.1,0.5,0.1642555296421051,4.305761337280273,ok,
particle,er_cma,0,256,,0.5,,,,,,,1.0,0.001,1.0,1.0,0.1,0.5,0.25126785039901733,4.349514722824097,ok,
particle,er_cma,0,256,,1.0,,,,,,,1.0,0.001,1.0,1.0,0.1,0.5,0.3551155626773834,4.310693264007568,ok,
particle,er_cma,0,256,,0.01,,,,,,,1.0,0.001,1.0,0.05,0.3,0.3,0.1180613562464714,4.290757417678833,ok,
particle,er_cma,0,256,,0.1,,,,,,,1.0,0.001,1.0,0.05,0.3,0.3,0.1559462994337082,4.29677677154541,ok,
particle,er_cma,0,256,,0.5,,,,,,,1.0,0.001,1.0,0.05,0.3,0.3,0.3300265967845917,4.320043087005615,ok,
particle,er_cma,0,256,,1.0,,,,,,,1.0,0.001,1.0,0.05,0.3,0.3,0.443910151720047,4.31710410118103,ok,
particle,er_cma,0,256,,0.01,,,,,,,1.0,0.001,1.0,0.1,0.3,0.3,0.11843190342187881,4.3114824295043945,ok,
particle,er_cma,0,256,,0.1,,,,,,,1.0,0.001,1.0,0.1,0.3,0.3,0.15429675579071045,4.2455666065216064,ok,
particle,er_cma,0,256,,0.5,,,,,,,1.0,0.001,1.0,0.1,0.3,0.3,0.32178202271461487,4.307060241699219,ok,
particle,er_cma,0,256,,1.0,,,,,,,1.0,0.001,1.0,0.1,0.3,0.3,0.43617433309555054,4.29884147644043,ok,
particle,er_cma,0,256,,0.01,,,,,,,1.0,0.001,1.0,0.3,0.3,0.3,0.12193169444799423,4.308610677719116,ok,
particle,er_cma,0,256,,0.1,,,,,,,1.0,0.001,1.0,0.3,0.3,0.3,0.15027761459350586,4.241130352020264,ok,
particle,er_cma,0,256,,0.5,,,,,,,1.0,0.001,1.0,0.3,0.3,0.3,0.30882614850997925,4.286900281906128,ok,
particle,er_cma,0,256,,1.0,,,,,,,1.0,0.001,1.0,0.3,0.3,0.3,0.4237511456012726,4.318624496459961,ok,
particle,er_cma,0,256,,0.01,,,,,,,1.0,0.001,1.0,1.0,0.3,0.3,0.13031649589538574,4.376422882080078,ok,
particle,er_cma,0,256,,0.1,,,,,,,1.0,0.001,1.0,1.0,0.3,0.3,0.1468507945537567,4.566497564315796,ok,
particle,er_cma,0,256,,0.5,,,,,,,1.0,0.001,1.0,1.0,0.3,0.3,0.3014855980873108,4.5338404178619385,ok,
particle,er_cma,0,256,,1.0,,,,,,,1.0,0.001,1.0,1.0,0.3,0.3,0.417145311832428,4.754360675811768,ok,
particle,er_cma,0,256,,0.01,,,,,,,1.0,0.001,1.0,0.05,0.3,0.5,0.11813606321811676,4.488836765289307,ok,
particle,er_cma,0,256,,0.1,,,,,,,1.0,0.001,1.0,0.05,0.3,0.5,0.15592491626739502,4.460331678390503,ok,
particle,er_cma,0,256,,0.5,,,,,,,1.0,0.001,1.0,0.05,0.3,0.5,0.3299533724784851,4.578762054443359,ok,
particle,er_cma,0,256,,1.0,,,,,,,1.0,0.001,1.0,0.05,0.3,0.5,0.4439123868942261,4.517906665802002,ok,
particle,er_cma,0,256,,0.01,,,,,,,1.0,0.001,1.0,0.1,0.3,0.5,0.11860306560993195,4.485469341278076,ok,
particle,er_cma,0,256,,0.1,,,,,,,1.0,0.001,1.0,0.1,0.3,0.5,0.15426833927631378,4.505767345428467,ok,
particle,er_cma,0,256,,0.5,,,,,,,1.0,0.001,1.0,0.1,0.3,0.5,0.321649432182312,4.414694547653198,ok,
particle,er_cma,0,256,,1.0,,,,,,,1.0,0.001,1.0,0.1,0.3,0.5,0.43613818287849426,4.306617975234985,ok,
particle,er_cma,0,256,,0.01,,,,,,,1.0,0.001,1.0,0.3,0.3,0.5,0.1229340210556984,4.372670888900757,ok,
particle,er_cma,0,256,,0.1,,,,,,,1.0,0.001,1.0,0.3,0.3,0.5,0.15027663111686707,4.364699125289917,ok,
particle,er_cma,0,256,,0.5,,,,,,,1.0,0.001,1.0,0.3,0.3,0.5,0.30863580107688904,4.343709945678711,ok,
particle,er_cma,0,256,,1.0,,,,,,,1.0,0.001,1.0,0.3,0.3,0.5,0.42373359203338623,4.236830472946167,ok,
particle,er_cma,0,256,,0.01,,,,,,,1.0,0.001,1.0,1.0,0.3,0.5,0.13226695358753204,4.295300006866455,ok,
particle,er_cma,0,256,,0.1,,,,,,,1.0,0.001,1.0,1.0,0.3,0.5,0.14686907827854156,4.4028918743133545,ok,
particle,er_cma,0,256,,0.5,,,,,,,1.0,0.001,1.0,1.0,0.3,0.5,0.3013386130332947,4.284285545349121,ok,
particle,er_cma,0,256,,1.0,,,,,,,1.0,0.001,1.0,1.0,0.3,0.5,0.41715094447135925,4.585590362548828,ok,
particle,er_cma,0,256,,0.01,,,,,,,1.0,0.001,1.0,0.05,0.5,0.5,0.11815689504146576,4.329413175582886,ok,
particle,er_cma,0,256,,0.1,,,,,,,1.0,0.001,1.0,0.05,0.5,0.5,0.15716975927352905,4.337421655654907,ok,
particle,er_cma,0,256,,0.5,,,,,,,1.0,0.001,1.0,0.05,0.5,0.5,0.34368157386779785,4.2968220710754395,ok,
particle,er_cma,0,256,,1.0,,,,,,,1.0,0.001,1.0,0.05,0.5,0.5,0.4572007656097412,4.285438060760498,ok,
particle,er_cma,0,256,,0.01,,,,,,,1.0,0.001,1.0,0.1,0.5,0.5,0.11839894205331802,4.415241241455078,ok,
particle,er_cma,0,256,,0.1,,,,,,,1.0,0.001,1.0,0.1,0.5,0.5,0.1565224975347519,4.331080436706543,ok,
particle,er_cma,0,256,,0.5,,,,,,,1.0,0.001,1.0,0.1,0.5,0.5,0.34338122606277466,4.2927772998809814,ok,
particle,er_cma,0,256,,1.0,,,,,,,1.0,0.001,1.0,0.1,0.5,0.5,0.45704323053359985,4.371782302856445,ok,
particle,er_cma,0,256,,0.01,,,,,,,1.0,0.001,1.0,0.3,0.5,0.5,0.11947821080684662,4.305617332458496,ok,
particle,er_cma,0,256,,0.1,,,,,,,1.0,0.001,1.0,0.3,0.5,0.5,0.1551298350095749,4.375105619430542,ok,
particle,er_cma,0,256,,0.5,,,,,,,1.0,0.001,1.0,0.3,0.5,0.5,0.3425440192222595,4.3084259033203125,ok,
particle,er_cma,0,256,,1.0,,,,,,,1.0,0.001,1.0,0.3,0.5,0.5,0.45659729838371277,4.321195125579834,ok,
particle,er_cma,0,256,,0.01,,,,,,,1.0,0.001,1.0,1.0,0.5,0.5,0.12010589987039566,4.2573981285095215,ok,
particle,er_cma,0,256,,0.1,,,,,,,1.0,0.001,1.0,1.0,0.5,0.5,0.15401087701320648,4.373242378234863,ok,
particle,er_cma,0,256,,0.5,,,,,,,1.0,0.001,1.0,1.0,0.5,0.5,0.3413149118423462,4.249921083450317,ok,
particle,er_cma,0,256,,1.0,,,,,,,1.0,0.001,1.0,1.0,0.5,0.5,0.45583629608154297,4.254656076431274,ok,
pusht,ps,0,256,0.05,,,,,,,,,,,,,,0.8269811272621155,10.083829879760742,ok,
pusht,ps,0,256,0.1,,,,,,,,,,,,,,0.5387891530990601,10.14104413986206,ok,
pusht,ps,0,256,0.3,,,,,,,,,,,,,,0.4267086386680603,10.263344526290894,ok,
pusht,ps,0,256,0.5,,,,,,,,,,,,,,0.4457769989967346,10.304015874862671,ok,
pusht,ps,0,256,1.0,,,,,,,,,,,,,,0.4494057893753052,10.171733379364014,ok,
pusht,mppi,0,256,0.1,0.01,,,,,,,,,,,,,1.0218161344528198,10.07399606704712,ok,
pusht,mppi,0,256,0.1,0.1,,,,,,,,,,,,,6.824100971221924,10.050602436065674,ok,
pusht,mppi,0,256,0.1,0.5,,,,,,,,,,,,,6.8240647315979,10.036280632019043,ok,
pusht,mppi,0,256,0.1,1.0,,,,,,,,,,,,,6.82404899597168,10.013951539993286,ok,
pusht,mppi,0,256,0.3,0.01,,,,,,,,,,,,,0.5215412974357605,10.08246898651123,ok,
pusht,mppi,0,256,0.3,0.1,,,,,,,,,,,,,0.584375262260437,10.003289937973022,ok,
pusht,mppi,0,256,0.3,0.5,,,,,,,,,,,,,0.9001373648643494,9.990115404129028,ok,
pusht,mppi,0,256,0.3,1.0,,,,,,,,,,,,,2.4497742652893066,10.018500804901123,ok,
pusht,mppi,0,256,0.5,0.01,,,,,,,,,,,,,0.5328919291496277,10.055542469024658,ok,
pusht,mppi,0,256,0.5,0.1,,,,,,,,,,,,,0.5866557955741882,9.97205662727356,ok,
pusht,mppi,0,256,0.5,0.5,,,,,,,,,,,,,0.7403882145881653,10.081844806671143,ok,
pusht,mppi,0,256,0.5,1.0,,,,,,,,,,,,,1.0243977308273315,9.96970510482788,ok,
pusht,mppi,0,256,1.0,0.01,,,,,,,,,,,,,0.5440365076065063,10.009257078170776,ok,
pusht,mppi,0,256,1.0,0.1,,,,,,,,,,,,,0.6537235975265503,9.976845979690552,ok,
pusht,mppi,0,256,1.0,0.5,,,,,,,,,,,,,0.9538062214851379,9.966036319732666,ok,
pusht,mppi,0,256,1.0,1.0,,,,,,,,,,,,,1.5814918279647827,9.987660646438599,ok,
pusht,cem,0,256,,,0.1,0.001,4,0.0,,,,,,,,,2.891866683959961,10.068540096282959,ok,
pusht,cem,0,256,,,0.1,0.001,8,0.0,,,,,,,,,2.958559989929199,10.059569835662842,ok,
pusht,cem,0,256,,,0.1,0.001,16,0.0,,,,,,,,,3.11871337890625,10.089825868606567,ok,
pusht,cem,0,256,,,0.3,0.001,4,0.0,,,,,,,,,2.614159107208252,3.364144802093506,ok,
pusht,cem,0,256,,,0.3,0.001,8,0.0,,,,,,,,,2.491888999938965,3.351627826690674,ok,
pusht,cem,0,256,,,0.3,0.001,16,0.0,,,,,,,,,2.1881561279296875,3.354478359222412,ok,
pusht,cem,0,256,,,0.5,0.001,4,0.0,,,,,,,,,2.3254029750823975,3.3592147827148438,ok,
pusht,cem,0,256,,,0.5,0.001,8,0.0,,,,,,,,,2.6249654293060303,3.3569493293762207,ok,
pusht,cem,0,256,,,0.5,0.001,16,0.0,,,,,,,,,2.6724209785461426,3.357112407684326,ok,
pusht,cem,0,256,,,1.0,0.001,4,0.0,,,,,,,,,2.5418968200683594,3.356902837753296,ok,
pusht,cem,0,256,,,1.0,0.001,8,0.0,,,,,,,,,2.928534984588623,3.3575870990753174,ok,
pusht,cem,0,256,,,1.0,0.001,16,0.0,,,,,,,,,2.5190131664276123,3.7250826358795166,ok,
pusht,dial,0,256,0.3,0.01,,,,,0.5,0.5,,,,,,,1.1464742422103882,9.96686053276062,ok,
pusht,dial,0,256,0.3,0.01,,,,,0.5,1.0,,,,,,,0.7544412612915039,10.008193969726562,ok,
pusht,dial,0,256,0.3,0.01,,,,,0.5,2.0,,,,,,,0.5490517616271973,10.016334533691406,ok,
pusht,dial,0,256,0.3,0.01,,,,,1.0,0.5,,,,,,,1.1464742422103882,10.059953927993774,ok,
pusht,dial,0,256,0.3,0.01,,,,,1.0,1.0,,,,,,,0.7544412612915039,10.158605813980103,ok,
pusht,dial,0,256,0.3,0.01,,,,,1.0,2.0,,,,,,,0.5490517616271973,10.012160301208496,ok,
pusht,dial,0,256,0.3,0.01,,,,,2.0,0.5,,,,,,,1.1464742422103882,10.215074300765991,ok,
pusht,dial,0,256,0.3,0.01,,,,,2.0,1.0,,,,,,,0.7544412612915039,10.063866376876831,ok,
pusht,dial,0,256,0.3,0.01,,,,,2.0,2.0,,,,,,,0.5490517616271973,10.053211688995361,ok,
pusht,mppi_cma,0,256,,0.01,,,,,,,0.3,0.001,,0.05,,,0.5276146531105042,10.228495359420776,ok,
pusht,mppi_cma,0,256,,0.1,,,,,,,0.3,0.001,,0.05,,,0.6111059784889221,10.167879343032837,ok,
pusht,mppi_cma,0,256,,0.5,,,,,,,0.3,0.001,,0.05,,,0.8884150981903076,10.214579105377197,ok,
pusht,mppi_cma,0,256,,1.0,,,,,,,0.3,0.001,,0.05,,,1.629912257194519,10.479486227035522,ok,
pusht,mppi_cma,0,256,,0.01,,,,,,,0.3,0.001,,0.1,,,0.5611151456832886,10.484506130218506,ok,
pusht,mppi_cma,0,256,,0.1,,,,,,,0.3,0.001,,0.1,,,0.6252670884132385,10.468449115753174,ok,
pusht,mppi_cma,0,256,,0.5,,,,,,,0.3,0.001,,0.1,,,0.8818662762641907,10.547224998474121,ok,
pusht,mppi_cma,0,256,,1.0,,,,,,,0.3,0.001,,0.1,,,1.4052717685699463,10.216013669967651,ok,
pusht,mppi_cma,0,256,,0.01,,,,,,,0.3,0.001,,0.3,,,0.6116663813591003,10.225180625915527,ok,
pusht,mppi_cma,0,256,,0.1,,,,,,,0.3,0.001,,0.3,,,0.6362587213516235,10.23304271697998,ok,
pusht,mppi_cma,0,256,,0.5,,,,,,,0.3,0.001,,0.3,,,0.9264717698097229,10.557494163513184,ok,
pusht,mppi_cma,0,256,,1.0,,,,,,,0.3,0.001,,0.3,,,1.2866934537887573,10.532145500183105,ok,
pusht,mppi_cma,0,256,,0.01,,,,,,,0.3,0.001,,1.0,,,6.82370662689209,10.654289245605469,ok,
pusht,mppi_cma,0,256,,0.1,,,,,,,0.3,0.001,,1.0,,,6.823975563049316,10.664879560470581,ok,
pusht,mppi_cma,0,256,,0.5,,,,,,,0.3,0.001,,1.0,,,1.6613366603851318,10.980114936828613,ok,
pusht,mppi_cma,0,256,,1.0,,,,,,,0.3,0.001,,1.0,,,1.3337043523788452,10.528865814208984,ok,
pusht,er_cma,0,256,,0.01,,,,,,,0.3,0.001,1.0,0.05,0.0,0.1,0.5288952589035034,10.45226764678955,ok,
pusht,er_cma,0,256,,0.1,,,,,,,0.3,0.001,1.0,0.05,0.0,0.1,0.6109866499900818,10.354171514511108,ok,
pusht,er_cma,0,256,,0.5,,,,,,,0.3,0.001,1.0,0.05,0.0,0.1,0.8887941241264343,10.332044839859009,ok,
pusht,er_cma,0,256,,1.0,,,,,,,0.3,0.001,1.0,0.05,0.0,0.1,1.607346534729004,10.185487985610962,ok,
pusht,er_cma,0,256,,0.01,,,,,,,0.3,0.001,1.0,0.1,0.0,0.1,0.56146639585495,10.263094902038574,ok,
pusht,er_cma,0,256,,0.1,,,,,,,0.3,0.001,1.0,0.1,0.0,0.1,0.6265806555747986,10.181025981903076,ok,
pusht,er_cma,0,256,,0.5,,,,,,,0.3,0.001,1.0,0.1,0.0,0.1,0.8816234469413757,10.309285879135132,ok,
pusht,er_cma,0,256,,1.0,,,,,,,0.3,0.001,1.0,0.1,0.0,0.1,1.3695125579833984,10.218701124191284,ok,
pusht,er_cma,0,256,,0.01,,,,,,,0.3,0.001,1.0,0.3,0.0,0.1,0.6101817488670349,10.21260952949524,ok,
pusht,er_cma,0,256,,0.1,,,,,,,0.3,0.001,1.0,0.3,0.0,0.1,0.6372682452201843,10.272170782089233,ok,
pusht,er_cma,0,256,,0.5,,,,,,,0.3,0.001,1.0,0.3,0.0,0.1,0.9291123151779175,10.25300121307373,ok,
pusht,er_cma,0,256,,1.0,,,,,,,0.3,0.001,1.0,0.3,0.0,0.1,1.2721772193908691,10.271252393722534,ok,
pusht,er_cma,0,256,,0.01,,,,,,,0.3,0.001,1.0,1.0,0.0,0.1,6.823665142059326,10.244908094406128,ok,
pusht,er_cma,0,256,,0.1,,,,,,,0.3,0.001,1.0,1.0,0.0,0.1,6.823824405670166,10.249943017959595,ok,
pusht,er_cma,0,256,,0.5,,,,,,,0.3,0.001,1.0,1.0,0.0,0.1,1.4854907989501953,10.54170823097229,ok,
pusht,er_cma,0,256,,1.0,,,,,,,0.3,0.001,1.0,1.0,0.0,0.1,1.4348634481430054,10.418757438659668,ok,
pusht,er_cma,0,256,,0.01,,,,,,,0.3,0.001,1.0,0.05,0.0,0.3,0.5285237431526184,10.46422791481018,ok,
pusht,er_cma,0,256,,0.1,,,,,,,0.3,0.001,1.0,0.05,0.0,0.3,0.6103328466415405,10.308871030807495,ok,
pusht,er_cma,0,256,,0.5,,,,,,,0.3,0.001,1.0,0.05,0.0,0.3,0.8890116214752197,10.28532338142395,ok,
pusht,er_cma,0,256,,1.0,,,,,,,0.3,0.001,1.0,0.05,0.0,0.3,1.52730131149292,10.224559307098389,ok,
pusht,er_cma,0,256,,0.01,,,,,,,0.3,0.001,1.0,0.1,0.0,0.3,0.5629997253417969,10.249433755874634,ok,
pusht,er_cma,0,256,,0.1,,,,,,,0.3,0.001,1.0,0.1,0.0,0.3,0.626108705997467,10.241438150405884,ok,
pusht,er_cma,0,256,,0.5,,,,,,,0.3,0.001,1.0,0.1,0.0,0.3,0.8823777437210083,10.165414333343506,ok,
pusht,er_cma,0,256,,1.0,,,,,,,0.3,0.001,1.0,0.1,0.0,0.3,1.3545373678207397,10.22739291191101,ok,
pusht,er_cma,0,256,,0.01,,,,,,,0.3,0.001,1.0,0.3,0.0,0.3,0.6110609173774719,10.277867794036865,ok,
pusht,er_cma,0,256,,0.1,,,,,,,0.3,0.001,1.0,0.3,0.0,0.3,0.6378196477890015,10.366835117340088,ok,
pusht,er_cma,0,256,,0.5,,,,,,,0.3,0.001,1.0,0.3,0.0,0.3,0.9271201491355896,10.219612836837769,ok,
pusht,er_cma,0,256,,1.0,,,,,,,0.3,0.001,1.0,0.3,0.0,0.3,1.244500756263733,10.349988222122192,ok,
pusht,er_cma,0,256,,0.01,,,,,,,0.3,0.001,1.0,1.0,0.0,0.3,6.4149169921875,10.378111362457275,ok,
pusht,er_cma,0,256,,0.1,,,,,,,0.3,0.001,1.0,1.0,0.0,0.3,6.824123382568359,10.229649543762207,ok,
pusht,er_cma,0,256,,0.5,,,,,,,0.3,0.001,1.0,1.0,0.0,0.3,1.478715181350708,10.177090644836426,ok,
pusht,er_cma,0,256,,1.0,,,,,,,0.3,0.001,1.0,1.0,0.0,0.3,1.5692524909973145,10.253610372543335,ok,
pusht,er_cma,0,256,,0.01,,,,,,,0.3,0.001,1.0,0.05,0.0,0.5,0.5276448130607605,10.23134446144104,ok,
pusht,er_cma,0,256,,0.1,,,,,,,0.3,0.001,1.0,0.05,0.0,0.5,0.6111363172531128,10.2332444190979,ok,
pusht,er_cma,0,256,,0.5,,,,,,,0.3,0.001,1.0,0.05,0.0,0.5,0.8911516666412354,10.206969022750854,ok,
pusht,er_cma,0,256,,1.0,,,,,,,0.3,0.001,1.0,0.05,0.0,0.5,1.4570622444152832,10.275042533874512,ok,
pusht,er_cma,0,256,,0.01,,,,,,,0.3,0.001,1.0,0.1,0.0,0.5,0.5628283619880676,10.339380979537964,ok,
pusht,er_cma,0,256,,0.1,,,,,,,0.3,0.001,1.0,0.1,0.0,0.5,0.6283353567123413,10.260593175888062,ok,
pusht,er_cma,0,256,,0.5,,,,,,,0.3,0.001,1.0,0.1,0.0,0.5,0.8834747672080994,10.304915189743042,ok,
pusht,er_cma,0,256,,1.0,,,,,,,0.3,0.001,1.0,0.1,0.0,0.5,1.3336312770843506,10.265164613723755,ok,
pusht,er_cma,0,256,,0.01,,,,,,,0.3,0.001,1.0,0.3,0.0,0.5,0.6091423630714417,10.260742425918579,ok,
pusht,er_cma,0,256,,0.1,,,,,,,0.3,0.001,1.0,0.3,0.0,0.5,0.6408743858337402,10.25796389579773,ok,
pusht,er_cma,0,256,,0.5,,,,,,,0.3,0.001,1.0,0.3,0.0,0.5,0.9510520696640015,10.256858348846436,ok,
pusht,er_cma,0,256,,1.0,,,,,,,0.3,0.001,1.0,0.3,0.0,0.5,1.2125945091247559,10.27184534072876,ok,
pusht,er_cma,0,256,,0.01,,,,,,,0.3,0.001,1.0,1.0,0.0,0.5,6.214959621429443,10.44530701637268,ok,
pusht,er_cma,0,256,,0.1,,,,,,,0.3,0.001,1.0,1.0,0.0,0.5,6.82405948638916,10.235789775848389,ok,
pusht,er_cma,0,256,,0.5,,,,,,,0.3,0.001,1.0,1.0,0.0,0.5,1.7905917167663574,10.355316400527954,ok,
pusht,er_cma,0,256,,1.0,,,,,,,0.3,0.001,1.0,1.0,0.0,0.5,1.6473687887191772,10.178411960601807,ok,
pusht,er_cma,0,256,,0.01,,,,,,,0.3,0.001,1.0,0.05,0.1,0.1,0.5243117213249207,10.326977491378784,ok,
pusht,er_cma,0,256,,0.1,,,,,,,0.3,0.001,1.0,0.05,0.1,0.1,0.6017932295799255,10.198414087295532,ok,
pusht,er_cma,0,256,,0.5,,,,,,,0.3,0.001,1.0,0.05,0.1,0.1,0.8750273585319519,10.160981893539429,ok,
pusht,er_cma,0,256,,1.0,,,,,,,0.3,0.001,1.0,0.05,0.1,0.1,1.3556512594223022,10.332854270935059,ok,
pusht,er_cma,0,256,,0.01,,,,,,,0.3,0.001,1.0,0.1,0.1,0.1,0.5373658537864685,10.150894165039062,ok,
pusht,er_cma,0,256,,0.1,,,,,,,0.3,0.001,1.0,0.1,0.1,0.1,0.6044093370437622,10.176149129867554,ok,
pusht,er_cma,0,256,,0.5,,,,,,,0.3,0.001,1.0,0.1,0.1,0.1,0.854184091091156,10.238255739212036,ok,
pusht,er_cma,0,256,,1.0,,,,,,,0.3,0.001,1.0,0.1,0.1,0.1,1.2709242105484009,10.224522590637207,ok,
pusht,er_cma,0,256,,0.01,,,,,,,0.3,0.001,1.0,0.3,0.1,0.1,0.5366946458816528,10.72318983078003,ok,
pusht,er_cma,0,256,,0.1,,,,,,,0.3,0.001,1.0,0.3,0.1,0.1,0.5854194164276123,10.534911870956421,ok,
pusht,er_cma,0,256,,0.5,,,,,,,0.3,0.001,1.0,0.3,0.1,0.1,0.8440198302268982,10.372546911239624,ok,
pusht,er_cma,0,256,,1.0,,,,,,,0.3,0.001,1.0,0.3,0.1,0.1,1.134836196899414,10.290833950042725,ok,
pusht,er_cma,0,256,,0.01,,,,,,,0.3,0.001,1.0,1.0,0.1,0.1,5.29810094833374,10.189595937728882,ok,
pusht,er_cma,0,256,,0.1,,,,,,,0.3,0.001,1.0,1.0,0.1,0.1,4.3657026290893555,10.225656270980835,ok,
pusht,er_cma,0,256,,0.5,,,,,,,0.3,0.001,1.0,1.0,0.1,0.1,1.0065886974334717,10.178170680999756,ok,
pusht,er_cma,0,256,,1.0,,,,,,,0.3,0.001,1.0,1.0,0.1,0.1,1.0773470401763916,10.272104740142822,ok,
pusht,er_cma,0,256,,0.01,,,,,,,0.3,0.001,1.0,0.05,0.1,0.3,0.5266676545143127,10.207223892211914,ok,
pusht,er_cma,0,256,,0.1,,,,,,,0.3,0.001,1.0,0.05,0.1,0.3,0.6007502675056458,10.18458342552185,ok,
pusht,er_cma,0,256,,0.5,,,,,,,0.3,0.001,1.0,0.05,0.1,0.3,0.8743574619293213,10.352724552154541,ok,
pusht,er_cma,0,256,,1.0,,,,,,,0.3,0.001,1.0,0.05,0.1,0.3,1.33550226688385,10.2512047290802,ok,
pusht,er_cma,0,256,,0.01,,,,,,,0.3,0.001,1.0,0.1,0.1,0.3,0.5376158952713013,10.222303867340088,ok,
pusht,er_cma,0,256,,0.1,,,,,,,0.3,0.001,1.0,0.1,0.1,0.3,0.6045238971710205,10.668946027755737,ok,
pusht,er_cma,0,256,,0.5,,,,,,,0.3,0.001,1.0,0.1,0.1,0.3,0.8515416979789734,10.314250469207764,ok,
pusht,er_cma,0,256,,1.0,,,,,,,0.3,0.001,1.0,0.1,0.1,0.3,1.2637850046157837,10.269832372665405,ok,
pusht,er_cma,0,256,,0.01,,,,,,,0.3,0.001,1.0,0.3,0.1,0.3,0.5348402261734009,10.22401237487793,ok,
pusht,er_cma,0,256,,0.1,,,,,,,0.3,0.001,1.0,0.3,0.1,0.3,0.5871604084968567,10.230124235153198,ok,
pusht,er_cma,0,256,,0.5,,,,,,,0.3,0.001,1.0,0.3,0.1,0.3,0.8523951172828674,10.36574649810791,ok,
pusht,er_cma,0,256,,1.0,,,,,,,0.3,0.001,1.0,0.3,0.1,0.3,1.1091009378433228,10.295440435409546,ok,
pusht,er_cma,0,256,,0.01,,,,,,,0.3,0.001,1.0,1.0,0.1,0.3,2.163951873779297,10.182849884033203,ok,
pusht,er_cma,0,256,,0.1,,,,,,,0.3,0.001,1.0,1.0,0.1,0.3,3.1544344425201416,10.302486419677734,ok,
pusht,er_cma,0,256,,0.5,,,,,,,0.3,0.001,1.0,1.0,0.1,0.3,1.1807782649993896,10.178992986679077,ok,
pusht,er_cma,0,256,,1.0,,,,,,,0.3,0.001,1.0,1.0,0.1,0.3,1.0596022605895996,10.285213470458984,ok,
pusht,er_cma,0,256,,0.01,,,,,,,0.3,0.001,1.0,0.05,0.1,0.5,0.5264992713928223,10.830752849578857,ok,
pusht,er_cma,0,256,,0.1,,,,,,,0.3,0.001,1.0,0.05,0.1,0.5,0.6020910739898682,10.270056962966919,ok,
pusht,er_cma,0,256,,0.5,,,,,,,0.3,0.001,1.0,0.05,0.1,0.5,0.871484100818634,10.212716102600098,ok,
pusht,er_cma,0,256,,1.0,,,,,,,0.3,0.001,1.0,0.05,0.1,0.5,1.3180251121520996,10.260363817214966,ok,
pusht,er_cma,0,256,,0.01,,,,,,,0.3,0.001,1.0,0.1,0.1,0.5,0.5381260514259338,10.231999635696411,ok,
pusht,er_cma,0,256,,0.1,,,,,,,0.3,0.001,1.0,0.1,0.1,0.5,0.6051105260848999,10.286165714263916,ok,
pusht,er_cma,0,256,,0.5,,,,,,,0.3,0.001,1.0,0.1,0.1,0.5,0.8513957262039185,10.23148775100708,ok,
pusht,er_cma,0,256,,1.0,,,,,,,0.3,0.001,1.0,0.1,0.1,0.5,1.2510944604873657,10.207483053207397,ok,
pusht,er_cma,0,256,,0.01,,,,,,,0.3,0.001,1.0,0.3,0.1,0.5,0.5344139933586121,10.283996105194092,ok,
pusht,er_cma,0,256,,0.1,,,,,,,0.3,0.001,1.0,0.3,0.1,0.5,0.5976034998893738,10.31540584564209,ok,
pusht,er_cma,0,256,,0.5,,,,,,,0.3,0.001,1.0,0.3,0.1,0.5,0.8532475829124451,10.346582651138306,ok,
pusht,er_cma,0,256,,1.0,,,,,,,0.3,0.001,1.0,0.3,0.1,0.5,1.0887223482131958,10.369023561477661,ok,
pusht,er_cma,0,256,,0.01,,,,,,,0.3,0.001,1.0,1.0,0.1,0.5,3.5996456146240234,10.239432334899902,ok,
pusht,er_cma,0,256,,0.1,,,,,,,0.3,0.001,1.0,1.0,0.1,0.5,3.300062894821167,10.29369854927063,ok,
pusht,er_cma,0,256,,0.5,,,,,,,0.3,0.001,1.0,1.0,0.1,0.5,1.08174729347229,10.349185466766357,ok,
pusht,er_cma,0,256,,1.0,,,,,,,0.3,0.001,1.0,1.0,0.1,0.5,1.0427852869033813,10.307163000106812,ok,
pusht,er_cma,0,256,,0.01,,,,,,,0.3,0.001,1.0,0.05,0.3,0.3,0.5220922231674194,10.349655389785767,ok,
pusht,er_cma,0,256,,0.1,,,,,,,0.3,0.001,1.0,0.05,0.3,0.3,0.5802440047264099,10.281246662139893,ok,
pusht,er_cma,0,256,,0.5,,,,,,,0.3,0.001,1.0,0.05,0.3,0.3,0.8347316384315491,10.476661205291748,ok,
pusht,er_cma,0,256,,1.0,,,,,,,0.3,0.001,1.0,0.05,0.3,0.3,1.2333805561065674,10.386221170425415,ok,
pusht,er_cma,0,256,,0.01,,,,,,,0.3,0.001,1.0,0.1,0.3,0.3,0.5259039998054504,10.439103603363037,ok,
pusht,er_cma,0,256,,0.1,,,,,,,0.3,0.001,1.0,0.1,0.3,0.3,0.5665267109870911,10.289906024932861,ok,
pusht,er_cma,0,256,,0.5,,,,,,,0.3,0.001,1.0,0.1,0.3,0.3,0.8127750158309937,10.435661315917969,ok,
pusht,er_cma,0,256,,1.0,,,,,,,0.3,0.001,1.0,0.1,0.3,0.3,1.1552822589874268,10.359723329544067,ok,
pusht,er_cma,0,256,,0.01,,,,,,,0.3,0.001,1.0,0.3,0.3,0.3,0.5102005004882812,10.326134204864502,ok,
pusht,er_cma,0,256,,0.1,,,,,,,0.3,0.001,1.0,0.3,0.3,0.3,0.5576012134552002,10.417028188705444,ok,
pusht,er_cma,0,256,,0.5,,,,,,,0.3,0.001,1.0,0.3,0.3,0.3,0.7683531641960144,10.398682117462158,ok,
pusht,er_cma,0,256,,1.0,,,,,,,0.3,0.001,1.0,0.3,0.3,0.3,1.0532753467559814,10.321891069412231,ok,
pusht,er_cma,0,256,,0.01,,,,,,,0.3,0.001,1.0,1.0,0.3,0.3,1.4924720525741577,10.280429363250732,ok,
pusht,er_cma,0,256,,0.1,,,,,,,0.3,0.001,1.0,1.0,0.3,0.3,1.3433767557144165,10.174104928970337,ok,
pusht,er_cma,0,256,,0.5,,,,,,,0.3,0.001,1.0,1.0,0.3,0.3,0.6755826473236084,10.1906259059906,ok,
pusht,er_cma,0,256,,1.0,,,,,,,0.3,0.001,1.0,1.0,0.3,0.3,1.032811164855957,10.231032848358154,ok,
pusht,er_cma,0,256,,0.01,,,,,,,0.3,0.001,1.0,0.05,0.3,0.5,0.5221583247184753,10.36096715927124,ok,
pusht,er_cma,0,256,,0.1,,,,,,,0.3,0.001,1.0,0.05,0.3,0.5,0.5800724625587463,10.226768016815186,ok,
pusht,er_cma,0,256,,0.5,,,,,,,0.3,0.001,1.0,0.05,0.3,0.5,0.840986967086792,10.291111707687378,ok,
pusht,er_cma,0,256,,1.0,,,,,,,0.3,0.001,1.0,0.05,0.3,0.5,1.2320570945739746,10.171129941940308,ok,
pusht,er_cma,0,256,,0.01,,,,,,,0.3,0.001,1.0,0.1,0.3,0.5,0.524493932723999,10.29049277305603,ok,
pusht,er_cma,0,256,,0.1,,,,,,,0.3,0.001,1.0,0.1,0.3,0.5,0.5657132863998413,10.295050382614136,ok,
pusht,er_cma,0,256,,0.5,,,,,,,0.3,0.001,1.0,0.1,0.3,0.5,0.8127992749214172,10.306668996810913,ok,
pusht,er_cma,0,256,,1.0,,,,,,,0.3,0.001,1.0,0.1,0.3,0.5,1.1481045484542847,10.184898138046265,ok,
pusht,er_cma,0,256,,0.01,,,,,,,0.3,0.001,1.0,0.3,0.3,0.5,0.5190322995185852,10.383157014846802,ok,
pusht,er_cma,0,256,,0.1,,,,,,,0.3,0.001,1.0,0.3,0.3,0.5,0.5555976629257202,10.548979997634888,ok,
pusht,er_cma,0,256,,0.5,,,,,,,0.3,0.001,1.0,0.3,0.3,0.5,0.7685132622718811,10.507061004638672,ok,
pusht,er_cma,0,256,,1.0,,,,,,,0.3,0.001,1.0,0.3,0.3,0.5,1.0569337606430054,10.222541093826294,ok,
pusht,er_cma,0,256,,0.01,,,,,,,0.3,0.001,1.0,1.0,0.3,0.5,1.6127593517303467,10.323070049285889,ok,
pusht,er_cma,0,256,,0.1,,,,,,,0.3,0.001,1.0,1.0,0.3,0.5,1.5319576263427734,10.266196966171265,ok,
pusht,er_cma,0,256,,0.5,,,,,,,0.3,0.001,1.0,1.0,0.3,0.5,0.6700149774551392,10.259868621826172,ok,
pusht,er_cma,0,256,,1.0,,,,,,,0.3,0.001,1.0,1.0,0.3,0.5,1.038115382194519,10.31396198272705,ok,
pusht,er_cma,0,256,,0.01,,,,,,,0.3,0.001,1.0,0.05,0.5,0.5,0.5200625658035278,10.806085348129272,ok,
pusht,er_cma,0,256,,0.1,,,,,,,0.3,0.001,1.0,0.05,0.5,0.5,0.5788447856903076,10.474637985229492,ok,
pusht,er_cma,0,256,,0.5,,,,,,,0.3,0.001,1.0,0.05,0.5,0.5,0.8172503709793091,10.296114444732666,ok,
pusht,er_cma,0,256,,1.0,,,,,,,0.3,0.001,1.0,0.05,0.5,0.5,1.2145334482192993,10.32292628288269,ok,
pusht,er_cma,0,256,,0.01,,,,,,,0.3,0.001,1.0,0.1,0.5,0.5,0.5083457231521606,10.475512266159058,ok,
pusht,er_cma,0,256,,0.1,,,,,,,0.3,0.001,1.0,0.1,0.5,0.5,0.5692567229270935,10.317350387573242,ok,
pusht,er_cma,0,256,,0.5,,,,,,,0.3,0.001,1.0,0.1,0.5,0.5,0.8142493367195129,10.258166313171387,ok,
pusht,er_cma,0,256,,1.0,,,,,,,0.3,0.001,1.0,0.1,0.5,0.5,1.2501879930496216,10.400907516479492,ok,
pusht,er_cma,0,256,,0.01,,,,,,,0.3,0.001,1.0,0.3,0.5,0.5,0.5247936248779297,10.291071653366089,ok,
pusht,er_cma,0,256,,0.1,,,,,,,0.3,0.001,1.0,0.3,0.5,0.5,0.5592653751373291,10.288646936416626,ok,
pusht,er_cma,0,256,,0.5,,,,,,,0.3,0.001,1.0,0.3,0.5,0.5,0.7751908898353577,10.249523162841797,ok,
pusht,er_cma,0,256,,1.0,,,,,,,0.3,0.001,1.0,0.3,0.5,0.5,1.318241000175476,10.3475182056427,ok,
pusht,er_cma,0,256,,0.01,,,,,,,0.3,0.001,1.0,1.0,0.5,0.5,1.6890448331832886,10.425581693649292,ok,
pusht,er_cma,0,256,,0.1,,,,,,,0.3,0.001,1.0,1.0,0.5,0.5,1.0854766368865967,10.200053215026855,ok,
pusht,er_cma,0,256,,0.5,,,,,,,0.3,0.001,1.0,1.0,0.5,0.5,0.7813751697540283,10.27472186088562,ok,
pusht,er_cma,0,256,,1.0,,,,,,,0.3,0.001,1.0,1.0,0.5,0.5,1.3715375661849976,10.240833044052124,ok,
walker,ps,0,256,0.05,,,,,,,,,,,,,,17.4483585357666,11.45548152923584,ok,
walker,ps,0,256,0.1,,,,,,,,,,,,,,5.351459980010986,11.472973108291626,ok,
walker,ps,0,256,0.3,,,,,,,,,,,,,,2.1558218002319336,11.720623016357422,ok,
walker,ps,0,256,0.5,,,,,,,,,,,,,,1.8247573375701904,11.503785133361816,ok,
walker,ps,0,256,1.0,,,,,,,,,,,,,,2.4169182777404785,11.508707046508789,ok,
walker,mppi,0,256,0.1,0.01,,,,,,,,,,,,,9.744471549987793,11.549179792404175,ok,
walker,mppi,0,256,0.1,0.1,,,,,,,,,,,,,10.008509635925293,11.427123069763184,ok,
walker,mppi,0,256,0.1,0.5,,,,,,,,,,,,,16.071847915649414,11.532336711883545,ok,
walker,mppi,0,256,0.1,1.0,,,,,,,,,,,,,14.789920806884766,11.731290340423584,ok,
walker,mppi,0,256,0.3,0.01,,,,,,,,,,,,,2.507417917251587,11.520039796829224,ok,
walker,mppi,0,256,0.3,0.1,,,,,,,,,,,,,3.1932265758514404,11.507515668869019,ok,
walker,mppi,0,256,0.3,0.5,,,,,,,,,,,,,4.269113063812256,11.578958511352539,ok,
walker,mppi,0,256,0.3,1.0,,,,,,,,,,,,,5.3916497230529785,11.542176008224487,ok,
walker,mppi,0,256,0.5,0.01,,,,,,,,,,,,,1.5599807500839233,11.531591653823853,ok,
walker,mppi,0,256,0.5,0.1,,,,,,,,,,,,,1.6984477043151855,11.515907287597656,ok,
walker,mppi,0,256,0.5,0.5,,,,,,,,,,,,,1.9358018636703491,11.534181118011475,ok,
walker,mppi,0,256,0.5,1.0,,,,,,,,,,,,,8.164440155029297,12.075636148452759,ok,
walker,mppi,0,256,1.0,0.01,,,,,,,,,,,,,2.181865692138672,11.52729082107544,ok,
walker,mppi,0,256,1.0,0.1,,,,,,,,,,,,,1.666863203048706,11.770460844039917,ok,
walker,mppi,0,256,1.0,0.5,,,,,,,,,,,,,1.9125556945800781,11.95634126663208,ok,
walker,mppi,0,256,1.0,1.0,,,,,,,,,,,,,3.3725249767303467,12.062145471572876,ok,
walker,cem,0,256,,,0.1,0.001,4,0.0,,,,,,,,,32.93383026123047,11.786911487579346,ok,
walker,cem,0,256,,,0.1,0.001,8,0.0,,,,,,,,,23.300596237182617,11.596396684646606,ok,
walker,cem,0,256,,,0.1,0.001,16,0.0,,,,,,,,,33.38958740234375,11.608408689498901,ok,
walker,cem,0,256,,,0.3,0.001,4,0.0,,,,,,,,,34.77366638183594,3.4446680545806885,ok,
walker,cem,0,256,,,0.3,0.001,8,0.0,,,,,,,,,12.475444793701172,3.433173656463623,ok,
walker,cem,0,256,,,0.3,0.001,16,0.0,,,,,,,,,12.49065113067627,3.472050905227661,ok,
walker,cem,0,256,,,0.5,0.001,4,0.0,,,,,,,,,11.821523666381836,3.465883493423462,ok,
walker,cem,0,256,,,0.5,0.001,8,0.0,,,,,,,,,11.286127090454102,3.45681095123291,ok,
walker,cem,0,256,,,0.5,0.001,16,0.0,,,,,,,,,11.526557922363281,3.4524364471435547,ok,
walker,cem,0,256,,,1.0,0.001,4,0.0,,,,,,,,,12.982172012329102,3.443845510482788,ok,
walker,cem,0,256,,,1.0,0.001,8,0.0,,,,,,,,,12.158638954162598,3.4627623558044434,ok,
walker,cem,0,256,,,1.0,0.001,16,0.0,,,,,,,,,27.792098999023438,3.429884672164917,ok,
walker,dial,0,256,0.5,0.01,,,,,0.5,0.5,,,,,,,6.498376846313477,11.607807874679565,ok,
walker,dial,0,256,0.5,0.01,,,,,0.5,1.0,,,,,,,2.7108707427978516,11.585602283477783,ok,
walker,dial,0,256,0.5,0.01,,,,,0.5,2.0,,,,,,,2.105128526687622,11.707448720932007,ok,
walker,dial,0,256,0.5,0.01,,,,,1.0,0.5,,,,,,,6.498376846313477,11.590081930160522,ok,
walker,dial,0,256,0.5,0.01,,,,,1.0,1.0,,,,,,,2.7108707427978516,11.51620364189148,ok,
walker,dial,0,256,0.5,0.01,,,,,1.0,2.0,,,,,,,2.105128526687622,11.572020530700684,ok,
walker,dial,0,256,0.5,0.01,,,,,2.0,0.5,,,,,,,6.498376846313477,11.558994770050049,ok,
walker,dial,0,256,0.5,0.01,,,,,2.0,1.0,,,,,,,2.7108707427978516,11.50784420967102,ok,
walker,dial,0,256,0.5,0.01,,,,,2.0,2.0,,,,,,,2.105128526687622,11.763765811920166,ok,
walker,mppi_cma,0,256,,0.01,,,,,,,0.5,0.001,,0.05,,,4.493452548980713,11.935242652893066,ok,
walker,mppi_cma,0,256,,0.1,,,,,,,0.5,0.001,,0.05,,,2.194315195083618,12.031261205673218,ok,
walker,mppi_cma,0,256,,0.5,,,,,,,0.5,0.001,,0.05,,,3.735677719116211,11.889721393585205,ok,
walker,mppi_cma,0,256,,1.0,,,,,,,0.5,0.001,,0.05,,,12.54931640625,11.877087831497192,ok,
walker,mppi_cma,0,256,,0.01,,,,,,,0.5,0.001,,0.1,,,3.9759132862091064,11.870206832885742,ok,
walker,mppi_cma,0,256,,0.1,,,,,,,0.5,0.001,,0.1,,,5.054394245147705,11.743712902069092,ok,
walker,mppi_cma,0,256,,0.5,,,,,,,0.5,0.001,,0.1,,,4.243066310882568,11.838544607162476,ok,
walker,mppi_cma,0,256,,1.0,,,,,,,0.5,0.001,,0.1,,,13.477324485778809,11.955352306365967,ok,
walker,mppi_cma,0,256,,0.01,,,,,,,0.5,0.001,,0.3,,,31.464170455932617,11.88152289390564,ok,
walker,mppi_cma,0,256,,0.1,,,,,,,0.5,0.001,,0.3,,,16.42127799987793,11.776312589645386,ok,
walker,mppi_cma,0,256,,0.5,,,,,,,0.5,0.001,,0.3,,,29.555566787719727,11.799132585525513,ok,
walker,mppi_cma,0,256,,1.0,,,,,,,0.5,0.001,,0.3,,,13.662409782409668,11.880635023117065,ok,
walker,mppi_cma,0,256,,0.01,,,,,,,0.5,0.001,,1.0,,,11.446191787719727,11.897342443466187,ok,
walker,mppi_cma,0,256,,0.1,,,,,,,0.5,0.001,,1.0,,,11.750447273254395,11.855507373809814,ok,
walker,mppi_cma,0,256,,0.5,,,,,,,0.5,0.001,,1.0,,,10.94289493560791,11.850435495376587,ok,
walker,mppi_cma,0,256,,1.0,,,,,,,0.5,0.001,,1.0,,,15.24740219116211,11.84640121459961,ok,
walker,er_cma,0,256,,0.01,,,,,,,0.5,0.001,1.0,0.05,0.0,0.1,2.199575424194336,11.774771213531494,ok,
walker,er_cma,0,256,,0.1,,,,,,,0.5,0.001,1.0,0.05,0.0,0.1,1.7844828367233276,11.825031042098999,ok,
walker,er_cma,0,256,,0.5,,,,,,,0.5,0.001,1.0,0.05,0.0,0.1,2.549448251724243,11.831051588058472,ok,
walker,er_cma,0,256,,1.0,,,,,,,0.5,0.001,1.0,0.05,0.0,0.1,9.139303207397461,12.03860068321228,ok,
walker,er_cma,0,256,,0.01,,,,,,,0.5,0.001,1.0,0.1,0.0,0.1,2.8892972469329834,12.141605854034424,ok,
walker,er_cma,0,256,,0.1,,,,,,,0.5,0.001,1.0,0.1,0.0,0.1,3.087672233581543,11.79879641532898,ok,
walker,er_cma,0,256,,0.5,,,,,,,0.5,0.001,1.0,0.1,0.0,0.1,4.391735076904297,11.902450561523438,ok,
walker,er_cma,0,256,,1.0,,,,,,,0.5,0.001,1.0,0.1,0.0,0.1,12.13377857208252,11.866461992263794,ok,
walker,er_cma,0,256,,0.01,,,,,,,0.5,0.001,1.0,0.3,0.0,0.1,10.315138816833496,11.940853357315063,ok,
walker,er_cma,0,256,,0.1,,,,,,,0.5,0.001,1.0,0.3,0.0,0.1,25.063888549804688,11.830748796463013,ok,
walker,er_cma,0,256,,0.5,,,,,,,0.5,0.001,1.0,0.3,0.0,0.1,10.77601432800293,11.718801021575928,ok,
walker,er_cma,0,256,,1.0,,,,,,,0.5,0.001,1.0,0.3,0.0,0.1,14.020909309387207,11.80815601348877,ok,
walker,er_cma,0,256,,0.01,,,,,,,0.5,0.001,1.0,1.0,0.0,0.1,11.414555549621582,11.828518152236938,ok,
walker,er_cma,0,256,,0.1,,,,,,,0.5,0.001,1.0,1.0,0.0,0.1,11.757325172424316,11.880986213684082,ok,
walker,er_cma,0,256,,0.5,,,,,,,0.5,0.001,1.0,1.0,0.0,0.1,12.20428466796875,11.796283721923828,ok,
walker,er_cma,0,256,,1.0,,,,,,,0.5,0.001,1.0,1.0,0.0,0.1,14.170278549194336,12.32753324508667,ok,
walker,er_cma,0,256,,0.01,,,,,,,0.5,0.001,1.0,0.05,0.0,0.3,6.583101272583008,12.03652048110962,ok,
walker,er_cma,0,256,,0.1,,,,,,,0.5,0.001,1.0,0.05,0.0,0.3,1.6647273302078247,12.093727111816406,ok,
walker,er_cma,0,256,,0.5,,,,,,,0.5,0.001,1.0,0.05,0.0,0.3,2.11802077293396,11.9590322971344,ok,
walker,er_cma,0,256,,1.0,,,,,,,0.5,0.001,1.0,0.05,0.0,0.3,12.039969444274902,11.8170645236969,ok,
walker,er_cma,0,256,,0.01,,,,,,,0.5,0.001,1.0,0.1,0.0,0.3,8.994026184082031,11.803526639938354,ok,
walker,er_cma,0,256,,0.1,,,,,,,0.5,0.001,1.0,0.1,0.0,0.3,4.0924224853515625,11.862931728363037,ok,
walker,er_cma,0,256,,0.5,,,,,,,0.5,0.001,1.0,0.1,0.0,0.3,6.095519542694092,11.946055173873901,ok,
walker,er_cma,0,256,,1.0,,,,,,,0.5,0.001,1.0,0.1,0.0,0.3,13.432771682739258,11.92437195777893,ok,
walker,er_cma,0,256,,0.01,,,,,,,0.5,0.001,1.0,0.3,0.0,0.3,9.8933687210083,11.815755128860474,ok,
walker,er_cma,0,256,,0.1,,,,,,,0.5,0.001,1.0,0.3,0.0,0.3,9.12386417388916,11.784720420837402,ok,
walker,er_cma,0,256,,0.5,,,,,,,0.5,0.001,1.0,0.3,0.0,0.3,12.866449356079102,11.760453701019287,ok,
walker,er_cma,0,256,,1.0,,,,,,,0.5,0.001,1.0,0.3,0.0,0.3,29.044437408447266,12.46728253364563,ok,
walker,er_cma,0,256,,0.01,,,,,,,0.5,0.001,1.0,1.0,0.0,0.3,11.614150047302246,11.94746470451355,ok,
walker,er_cma,0,256,,0.1,,,,,,,0.5,0.001,1.0,1.0,0.0,0.3,10.328340530395508,11.940872192382812,ok,
walker,er_cma,0,256,,0.5,,,,,,,0.5,0.001,1.0,1.0,0.0,0.3,24.66342544555664,11.779440879821777,ok,
walker,er_cma,0,256,,1.0,,,,,,,0.5,0.001,1.0,1.0,0.0,0.3,25.029951095581055,11.756263732910156,ok,
walker,er_cma,0,256,,0.01,,,,,,,0.5,0.001,1.0,0.05,0.0,0.5,2.822892189025879,11.891651153564453,ok,
walker,er_cma,0,256,,0.1,,,,,,,0.5,0.001,1.0,0.05,0.0,0.5,2.698476552963257,12.527632713317871,ok,
walker,er_cma,0,256,,0.5,,,,,,,0.5,0.001,1.0,0.05,0.0,0.5,2.6457324028015137,11.766859531402588,ok,
walker,er_cma,0,256,,1.0,,,,,,,0.5,0.001,1.0,0.05,0.0,0.5,6.984394550323486,11.737685918807983,ok,
walker,er_cma,0,256,,0.01,,,,,,,0.5,0.001,1.0,0.1,0.0,0.5,4.440488338470459,11.809251546859741,ok,
walker,er_cma,0,256,,0.1,,,,,,,0.5,0.001,1.0,0.1,0.0,0.5,2.365938425064087,11.804590702056885,ok,
walker,er_cma,0,256,,0.5,,,,,,,0.5,0.001,1.0,0.1,0.0,0.5,4.103353023529053,11.87791657447815,ok,
walker,er_cma,0,256,,1.0,,,,,,,0.5,0.001,1.0,0.1,0.0,0.5,8.87087631225586,12.303247213363647,ok,
walker,er_cma,0,256,,0.01,,,,,,,0.5,0.001,1.0,0.3,0.0,0.5,10.376385688781738,11.770446538925171,ok,
walker,er_cma,0,256,,0.1,,,,,,,0.5,0.001,1.0,0.3,0.0,0.5,5.545729160308838,11.84054183959961,ok,
walker,er_cma,0,256,,0.5,,,,,,,0.5,0.001,1.0,0.3,0.0,0.5,11.242478370666504,11.97956395149231,ok,
walker,er_cma,0,256,,1.0,,,,,,,0.5,0.001,1.0,0.3,0.0,0.5,13.648224830627441,11.85881233215332,ok,
walker,er_cma,0,256,,0.01,,,,,,,0.5,0.001,1.0,1.0,0.0,0.5,28.95720100402832,11.732605934143066,ok,
walker,er_cma,0,256,,0.1,,,,,,,0.5,0.001,1.0,1.0,0.0,0.5,10.342825889587402,11.815789699554443,ok,
walker,er_cma,0,256,,0.5,,,,,,,0.5,0.001,1.0,1.0,0.0,0.5,35.31944274902344,11.858657360076904,ok,
walker,er_cma,0,256,,1.0,,,,,,,0.5,0.001,1.0,1.0,0.0,0.5,26.477306365966797,11.785825252532959,ok,
walker,er_cma,0,256,,0.01,,,,,,,0.5,0.001,1.0,0.05,0.1,0.1,3.8562095165252686,11.834336519241333,ok,
walker,er_cma,0,256,,0.1,,,,,,,0.5,0.001,1.0,0.05,0.1,0.1,1.4720460176467896,11.787850856781006,ok,
walker,er_cma,0,256,,0.5,,,,,,,0.5,0.001,1.0,0.05,0.1,0.1,1.727191686630249,12.048169374465942,ok,
walker,er_cma,0,256,,1.0,,,,,,,0.5,0.001,1.0,0.05,0.1,0.1,4.714645862579346,11.844743251800537,ok,
walker,er_cma,0,256,,0.01,,,,,,,0.5,0.001,1.0,0.1,0.1,0.1,2.7044365406036377,12.447890996932983,ok,
walker,er_cma,0,256,,0.1,,,,,,,0.5,0.001,1.0,0.1,0.1,0.1,2.665708541870117,11.879017353057861,ok,
walker,er_cma,0,256,,0.5,,,,,,,0.5,0.001,1.0,0.1,0.1,0.1,4.790919780731201,11.855837106704712,ok,
walker,er_cma,0,256,,1.0,,,,,,,0.5,0.001,1.0,0.1,0.1,0.1,11.843762397766113,11.825063228607178,ok,
walker,er_cma,0,256,,0.01,,,,,,,0.5,0.001,1.0,0.3,0.1,0.1,10.936799049377441,11.817662000656128,ok,
walker,er_cma,0,256,,0.1,,,,,,,0.5,0.001,1.0,0.3,0.1,0.1,4.673473834991455,11.863464832305908,ok,
walker,er_cma,0,256,,0.5,,,,,,,0.5,0.001,1.0,0.3,0.1,0.1,3.413461923599243,11.815369367599487,ok,
walker,er_cma,0,256,,1.0,,,,,,,0.5,0.001,1.0,0.3,0.1,0.1,10.327485084533691,11.850767612457275,ok,
walker,er_cma,0,256,,0.01,,,,,,,0.5,0.001,1.0,1.0,0.1,0.1,11.528629302978516,11.766578912734985,ok,
walker,er_cma,0,256,,0.1,,,,,,,0.5,0.001,1.0,1.0,0.1,0.1,25.28502082824707,11.803144693374634,ok,
walker,er_cma,0,256,,0.5,,,,,,,0.5,0.001,1.0,1.0,0.1,0.1,13.601489067077637,11.803783655166626,ok,
walker,er_cma,0,256,,1.0,,,,,,,0.5,0.001,1.0,1.0,0.1,0.1,10.81127643585205,11.839038610458374,ok,
walker,er_cma,0,256,,0.01,,,,,,,0.5,0.001,1.0,0.05,0.1,0.3,8.370589256286621,11.70563817024231,ok,
walker,er_cma,0,256,,0.1,,,,,,,0.5,0.001,1.0,0.05,0.1,0.3,1.5909440517425537,11.769892454147339,ok,
walker,er_cma,0,256,,0.5,,,,,,,0.5,0.001,1.0,0.05,0.1,0.3,2.4190449714660645,11.810740947723389,ok,
walker,er_cma,0,256,,1.0,,,,,,,0.5,0.001,1.0,0.05,0.1,0.3,10.582056045532227,11.99465560913086,ok,
walker,er_cma,0,256,,0.01,,,,,,,0.5,0.001,1.0,0.1,0.1,0.3,13.055364608764648,12.26466965675354,ok,
walker,er_cma,0,256,,0.1,,,,,,,0.5,0.001,1.0,0.1,0.1,0.3,2.1341605186462402,12.157833337783813,ok,
walker,er_cma,0,256,,0.5,,,,,,,0.5,0.001,1.0,0.1,0.1,0.3,13.420889854431152,12.295977115631104,ok,
walker,er_cma,0,256,,1.0,,,,,,,0.5,0.001,1.0,0.1,0.1,0.3,12.238840103149414,11.839793920516968,ok,
walker,er_cma,0,256,,0.01,,,,,,,0.5,0.001,1.0,0.3,0.1,0.3,12.00577163696289,11.873991012573242,ok,
walker,er_cma,0,256,,0.1,,,,,,,0.5,0.001,1.0,0.3,0.1,0.3,2.6867475509643555,11.771249532699585,ok,
walker,er_cma,0,256,,0.5,,,,,,,0.5,0.001,1.0,0.3,0.1,0.3,10.879777908325195,11.998668909072876,ok,
walker,er_cma,0,256,,1.0,,,,,,,0.5,0.001,1.0,0.3,0.1,0.3,10.310943603515625,11.856931924819946,ok,
walker,er_cma,0,256,,0.01,,,,,,,0.5,0.001,1.0,1.0,0.1,0.3,13.020301818847656,11.9089937210083,ok,
walker,er_cma,0,256,,0.1,,,,,,,0.5,0.001,1.0,1.0,0.1,0.3,8.850467681884766,11.833979606628418,ok,
walker,er_cma,0,256,,0.5,,,,,,,0.5,0.001,1.0,1.0,0.1,0.3,23.119773864746094,11.843305349349976,ok,
walker,er_cma,0,256,,1.0,,,,,,,0.5,0.001,1.0,1.0,0.1,0.3,10.729132652282715,11.70558762550354,ok,
walker,er_cma,0,256,,0.01,,,,,,,0.5,0.001,1.0,0.05,0.1,0.5,1.5501489639282227,11.735352039337158,ok,
walker,er_cma,0,256,,0.1,,,,,,,0.5,0.001,1.0,0.05,0.1,0.5,1.5010029077529907,11.816725254058838,ok,
walker,er_cma,0,256,,0.5,,,,,,,0.5,0.001,1.0,0.05,0.1,0.5,1.6668846607208252,11.924228429794312,ok,
walker,er_cma,0,256,,1.0,,,,,,,0.5,0.001,1.0,0.05,0.1,0.5,7.819215774536133,11.769696235656738,ok,
walker,er_cma,0,256,,0.01,,,,,,,0.5,0.001,1.0,0.1,0.1,0.5,5.392783164978027,11.803159952163696,ok,
walker,er_cma,0,256,,0.1,,,,,,,0.5,0.001,1.0,0.1,0.1,0.5,1.5948669910430908,11.919991254806519,ok,
walker,er_cma,0,256,,0.5,,,,,,,0.5,0.001,1.0,0.1,0.1,0.5,2.255976676940918,11.72295093536377,ok,
walker,er_cma,0,256,,1.0,,,,,,,0.5,0.001,1.0,0.1,0.1,0.5,12.781805038452148,11.780126810073853,ok,
walker,er_cma,0,256,,0.01,,,,,,,0.5,0.001,1.0,0.3,0.1,0.5,6.931306838989258,11.775616645812988,ok,
walker,er_cma,0,256,,0.1,,,,,,,0.5,0.001,1.0,0.3,0.1,0.5,2.6044728755950928,12.2925283908844,ok,
walker,er_cma,0,256,,0.5,,,,,,,0.5,0.001,1.0,0.3,0.1,0.5,5.623208999633789,11.994131088256836,ok,
walker,er_cma,0,256,,1.0,,,,,,,0.5,0.001,1.0,0.3,0.1,0.5,13.179988861083984,12.171686172485352,ok,
walker,er_cma,0,256,,0.01,,,,,,,0.5,0.001,1.0,1.0,0.1,0.5,16.29416275024414,13.480706930160522,ok,
walker,er_cma,0,256,,0.1,,,,,,,0.5,0.001,1.0,1.0,0.1,0.5,10.463874816894531,12.958839654922485,ok,
walker,er_cma,0,256,,0.5,,,,,,,0.5,0.001,1.0,1.0,0.1,0.5,10.835970878601074,13.571651697158813,ok,
walker,er_cma,0,256,,1.0,,,,,,,0.5,0.001,1.0,1.0,0.1,0.5,8.246044158935547,12.85911512374878,ok,
walker,er_cma,0,256,,0.01,,,,,,,0.5,0.001,1.0,0.05,0.3,0.3,1.5920438766479492,12.948260307312012,ok,
walker,er_cma,0,256,,0.1,,,,,,,0.5,0.001,1.0,0.05,0.3,0.3,1.7213962078094482,12.977672100067139,ok,
walker,er_cma,0,256,,0.5,,,,,,,0.5,0.001,1.0,0.05,0.3,0.3,1.8882286548614502,12.726945161819458,ok,
walker,er_cma,0,256,,1.0,,,,,,,0.5,0.001,1.0,0.05,0.3,0.3,7.814570426940918,12.261876583099365,ok,
walker,er_cma,0,256,,0.01,,,,,,,0.5,0.001,1.0,0.1,0.3,0.3,6.67406702041626,12.15621304512024,ok,
walker,er_cma,0,256,,0.1,,,,,,,0.5,0.001,1.0,0.1,0.3,0.3,1.3209728002548218,12.327011585235596,ok,
walker,er_cma,0,256,,0.5,,,,,,,0.5,0.001,1.0,0.1,0.3,0.3,2.2245800495147705,12.28396987915039,ok,
walker,er_cma,0,256,,1.0,,,,,,,0.5,0.001,1.0,0.1,0.3,0.3,2.2302496433258057,11.9326810836792,ok,
walker,er_cma,0,256,,0.01,,,,,,,0.5,0.001,1.0,0.3,0.3,0.3,7.544487953186035,11.819236278533936,ok,
walker,er_cma,0,256,,0.1,,,,,,,0.5,0.001,1.0,0.3,0.3,0.3,1.529160737991333,11.902510643005371,ok,
walker,er_cma,0,256,,0.5,,,,,,,0.5,0.001,1.0,0.3,0.3,0.3,2.388054370880127,11.903794288635254,ok,
walker,er_cma,0,256,,1.0,,,,,,,0.5,0.001,1.0,0.3,0.3,0.3,3.0908420085906982,11.770085573196411,ok,
walker,er_cma,0,256,,0.01,,,,,,,0.5,0.001,1.0,1.0,0.3,0.3,11.431066513061523,11.851253747940063,ok,
walker,er_cma,0,256,,0.1,,,,,,,0.5,0.001,1.0,1.0,0.3,0.3,4.578118324279785,11.763512372970581,ok,
walker,er_cma,0,256,,0.5,,,,,,,0.5,0.001,1.0,1.0,0.3,0.3,1.8008779287338257,11.777599811553955,ok,
walker,er_cma,0,256,,1.0,,,,,,,0.5,0.001,1.0,1.0,0.3,0.3,3.0313880443573,11.811520338058472,ok,
walker,er_cma,0,256,,0.01,,,,,,,0.5,0.001,1.0,0.05,0.3,0.5,1.3965517282485962,11.824618101119995,ok,
walker,er_cma,0,256,,0.1,,,,,,,0.5,0.001,1.0,0.05,0.3,0.5,1.556379795074463,11.810449361801147,ok,
walker,er_cma,0,256,,0.5,,,,,,,0.5,0.001,1.0,0.05,0.3,0.5,2.186389684677124,11.850853681564331,ok,
walker,er_cma,0,256,,1.0,,,,,,,0.5,0.001,1.0,0.05,0.3,0.5,3.697962522506714,11.785056829452515,ok,
walker,er_cma,0,256,,0.01,,,,,,,0.5,0.001,1.0,0.1,0.3,0.5,2.035867929458618,11.78471851348877,ok,
walker,er_cma,0,256,,0.1,,,,,,,0.5,0.001,1.0,0.1,0.3,0.5,1.2608460187911987,11.932943344116211,ok,
walker,er_cma,0,256,,0.5,,,,,,,0.5,0.001,1.0,0.1,0.3,0.5,2.2066287994384766,11.86080527305603,ok,
walker,er_cma,0,256,,1.0,,,,,,,0.5,0.001,1.0,0.1,0.3,0.5,2.8715474605560303,11.828175067901611,ok,
walker,er_cma,0,256,,0.01,,,,,,,0.5,0.001,1.0,0.3,0.3,0.5,4.857803821563721,12.04829740524292,ok,
walker,er_cma,0,256,,0.1,,,,,,,0.5,0.001,1.0,0.3,0.3,0.5,1.54152512550354,11.819203853607178,ok,
walker,er_cma,0,256,,0.5,,,,,,,0.5,0.001,1.0,0.3,0.3,0.5,3.0010826587677,11.723729848861694,ok,
walker,er_cma,0,256,,1.0,,,,,,,0.5,0.001,1.0,0.3,0.3,0.5,4.317214488983154,11.749324321746826,ok,
walker,er_cma,0,256,,0.01,,,,,,,0.5,0.001,1.0,1.0,0.3,0.5,11.712530136108398,11.731334924697876,ok,
walker,er_cma,0,256,,0.1,,,,,,,0.5,0.001,1.0,1.0,0.3,0.5,12.180272102355957,11.897921800613403,ok,
walker,er_cma,0,256,,0.5,,,,,,,0.5,0.001,1.0,1.0,0.3,0.5,1.9904788732528687,11.694515705108643,ok,
walker,er_cma,0,256,,1.0,,,,,,,0.5,0.001,1.0,1.0,0.3,0.5,2.3190741539001465,11.923407554626465,ok,
walker,er_cma,0,256,,0.01,,,,,,,0.5,0.001,1.0,0.05,0.5,0.5,1.8777828216552734,11.739792823791504,ok,
walker,er_cma,0,256,,0.1,,,,,,,0.5,0.001,1.0,0.05,0.5,0.5,1.4231899976730347,11.871641874313354,ok,
walker,er_cma,0,256,,0.5,,,,,,,0.5,0.001,1.0,0.05,0.5,0.5,1.8600739240646362,11.81899356842041,ok,
walker,er_cma,0,256,,1.0,,,,,,,0.5,0.001,1.0,0.05,0.5,0.5,3.789236068725586,11.872450351715088,ok,
walker,er_cma,0,256,,0.01,,,,,,,0.5,0.001,1.0,0.1,0.5,0.5,1.6550449132919312,11.79944372177124,ok,
walker,er_cma,0,256,,0.1,,,,,,,0.5,0.001,1.0,0.1,0.5,0.5,1.3440234661102295,11.907919645309448,ok,
walker,er_cma,0,256,,0.5,,,,,,,0.5,0.001,1.0,0.1,0.5,0.5,1.9975601434707642,11.885651111602783,ok,
walker,er_cma,0,256,,1.0,,,,,,,0.5,0.001,1.0,0.1,0.5,0.5,2.29046630859375,11.802899360656738,ok,
walker,er_cma,0,256,,0.01,,,,,,,0.5,0.001,1.0,0.3,0.5,0.5,6.533044338226318,11.811692714691162,ok,
walker,er_cma,0,256,,0.1,,,,,,,0.5,0.001,1.0,0.3,0.5,0.5,1.536813497543335,11.803735256195068,ok,
walker,er_cma,0,256,,0.5,,,,,,,0.5,0.001,1.0,0.3,0.5,0.5,2.158855676651001,11.728285074234009,ok,
walker,er_cma,0,256,,1.0,,,,,,,0.5,0.001,1.0,0.3,0.5,0.5,2.014941453933716,11.855713129043579,ok,
walker,er_cma,0,256,,0.01,,,,,,,0.5,0.001,1.0,1.0,0.5,0.5,32.24032211303711,11.863663911819458,ok,
walker,er_cma,0,256,,0.1,,,,,,,0.5,0.001,1.0,1.0,0.5,0.5,1.67930006980896,11.943488359451294,ok,
walker,er_cma,0,256,,0.5,,,,,,,0.5,0.001,1.0,1.0,0.5,0.5,2.2624406814575195,11.778198719024658,ok,
walker,er_cma,0,256,,1.0,,,,,,,0.5,0.001,1.0,1.0,0.5,0.5,2.0047807693481445,11.877500295639038,ok,
cube,ps,0,256,0.05,,,,,,,,,,,,,,1.4024590253829956,24.019714832305908,ok,
cube,ps,0,256,0.1,,,,,,,,,,,,,,1.2744489908218384,23.747886657714844,ok,
cube,ps,0,256,0.3,,,,,,,,,,,,,,0.5913529992103577,23.7778160572052,ok,
cube,ps,0,256,0.5,,,,,,,,,,,,,,0.2221655696630478,23.787477254867554,ok,
cube,ps,0,256,1.0,,,,,,,,,,,,,,0.061427801847457886,23.873677253723145,ok,
cube,mppi,0,256,0.1,0.01,,,,,,,,,,,,,1.139382243156433,23.711893796920776,ok,
cube,mppi,0,256,0.1,0.1,,,,,,,,,,,,,2.384268045425415,23.635841846466064,ok,
cube,mppi,0,256,0.1,0.5,,,,,,,,,,,,,4.791430473327637,23.650700092315674,ok,
cube,mppi,0,256,0.1,1.0,,,,,,,,,,,,,5.752912998199463,23.78593635559082,ok,
cube,mppi,0,256,0.3,0.01,,,,,,,,,,,,,0.5254042148590088,23.6962947845459,ok,
cube,mppi,0,256,0.3,0.1,,,,,,,,,,,,,0.7320011854171753,24.18864130973816,ok,
cube,mppi,0,256,0.3,0.5,,,,,,,,,,,,,2.2796096801757812,23.72298240661621,ok,
cube,mppi,0,256,0.3,1.0,,,,,,,,,,,,,2.647341728210449,24.53774356842041,ok,
cube,mppi,0,256,0.5,0.01,,,,,,,,,,,,,1.0855753421783447,23.507577896118164,ok,
cube,mppi,0,256,0.5,0.1,,,,,,,,,,,,,0.5908874869346619,23.650005340576172,ok,
cube,mppi,0,256,0.5,0.5,,,,,,,,,,,,,1.6185096502304077,23.506557941436768,ok,
cube,mppi,0,256,0.5,1.0,,,,,,,,,,,,,2.2538909912109375,23.666548013687134,ok,
cube,mppi,0,256,1.0,0.01,,,,,,,,,,,,,0.11409975588321686,23.592368841171265,ok,
cube,mppi,0,256,1.0,0.1,,,,,,,,,,,,,0.21307240426540375,23.60210871696472,ok,
cube,mppi,0,256,1.0,0.5,,,,,,,,,,,,,1.1132066249847412,23.51269006729126,ok,
cube,mppi,0,256,1.0,1.0,,,,,,,,,,,,,3.9082250595092773,23.57359743118286,ok,
cube,cem,0,256,,,0.1,0.001,4,0.0,,,,,,,,,4.5837812423706055,23.55502438545227,ok,
cube,cem,0,256,,,0.1,0.001,8,0.0,,,,,,,,,6.967015266418457,23.66366171836853,ok,
cube,cem,0,256,,,0.1,0.001,16,0.0,,,,,,,,,2.217189073562622,23.53800058364868,ok,
cube,cem,0,256,,,0.3,0.001,4,0.0,,,,,,,,,4.0796403884887695,4.814870119094849,ok,
cube,cem,0,256,,,0.3,0.001,8,0.0,,,,,,,,,2.3982622623443604,4.887946605682373,ok,
cube,cem,0,256,,,0.3,0.001,16,0.0,,,,,,,,,1.1147757768630981,4.8940346240997314,ok,
cube,cem,0,256,,,0.5,0.001,4,0.0,,,,,,,,,3.5509119033813477,4.878468990325928,ok,
cube,cem,0,256,,,0.5,0.001,8,0.0,,,,,,,,,3.691457986831665,4.8568336963653564,ok,
cube,cem,0,256,,,0.5,0.001,16,0.0,,,,,,,,,0.5645294189453125,4.8669962882995605,ok,
cube,cem,0,256,,,1.0,0.001,4,0.0,,,,,,,,,0.7429080009460449,4.8655054569244385,ok,
cube,cem,0,256,,,1.0,0.001,8,0.0,,,,,,,,,0.4285949468612671,4.856159210205078,ok,
cube,cem,0,256,,,1.0,0.001,16,0.0,,,,,,,,,2.25508975982666,5.518138647079468,ok,
cube,dial,0,256,1.0,0.01,,,,,0.5,0.5,,,,,,,0.5869068503379822,23.623892068862915,ok,
cube,dial,0,256,1.0,0.01,,,,,0.5,1.0,,,,,,,0.5020615458488464,23.657907009124756,ok,
cube,dial,0,256,1.0,0.01,,,,,0.5,2.0,,,,,,,0.1693243682384491,23.758358001708984,ok,
cube,dial,0,256,1.0,0.01,,,,,1.0,0.5,,,,,,,0.6645810604095459,23.742442846298218,ok,
cube,dial,0,256,1.0,0.01,,,,,1.0,1.0,,,,,,,0.5259923934936523,25.38765263557434,ok,
cube,dial,0,256,1.0,0.01,,,,,1.0,2.0,,,,,,,0.18528258800506592,25.56161618232727,ok,
cube,dial,0,256,1.0,0.01,,,,,2.0,0.5,,,,,,,0.5837549567222595,23.781749725341797,ok,
cube,dial,0,256,1.0,0.01,,,,,2.0,1.0,,,,,,,1.9059696197509766,23.65626072883606,ok,
cube,dial,0,256,1.0,0.01,,,,,2.0,2.0,,,,,,,0.16672265529632568,24.342206239700317,ok,
cube,mppi_cma,0,256,,0.01,,,,,,,1.0,0.001,,0.05,,,0.11971423029899597,24.300892114639282,ok,
cube,mppi_cma,0,256,,0.1,,,,,,,1.0,0.001,,0.05,,,0.2309664636850357,24.096232891082764,ok,
cube,mppi_cma,0,256,,0.5,,,,,,,1.0,0.001,,0.05,,,2.6388089656829834,24.508174896240234,ok,
cube,mppi_cma,0,256,,1.0,,,,,,,1.0,0.001,,0.05,,,3.3833279609680176,25.033496618270874,ok,
cube,mppi_cma,0,256,,0.01,,,,,,,1.0,0.001,,0.1,,,0.13635580241680145,24.129071712493896,ok,
cube,mppi_cma,0,256,,0.1,,,,,,,1.0,0.001,,0.1,,,0.22103695571422577,25.741713047027588,ok,
cube,mppi_cma,0,256,,0.5,,,,,,,1.0,0.001,,0.1,,,2.1439528465270996,25.078775644302368,ok,
cube,mppi_cma,0,256,,1.0,,,,,,,1.0,0.001,,0.1,,,1.7810885906219482,24.056146383285522,ok,
cube,mppi_cma,0,256,,0.01,,,,,,,1.0,0.001,,0.3,,,0.13230609893798828,24.01618480682373,ok,
cube,mppi_cma,0,256,,0.1,,,,,,,1.0,0.001,,0.3,,,0.2603013217449188,24.181610345840454,ok,
cube,mppi_cma,0,256,,0.5,,,,,,,1.0,0.001,,0.3,,,1.4943418502807617,24.897181749343872,ok,
cube,mppi_cma,0,256,,1.0,,,,,,,1.0,0.001,,0.3,,,2.762913703918457,24.144694805145264,ok,
cube,mppi_cma,0,256,,0.01,,,,,,,1.0,0.001,,1.0,,,0.4111484885215759,24.026001930236816,ok,
cube,mppi_cma,0,256,,0.1,,,,,,,1.0,0.001,,1.0,,,1.9354815483093262,24.34163498878479,ok,
cube,mppi_cma,0,256,,0.5,,,,,,,1.0,0.001,,1.0,,,1.535046935081482,24.215495824813843,ok,
cube,mppi_cma,0,256,,1.0,,,,,,,1.0,0.001,,1.0,,,2.972579002380371,24.557524919509888,ok,
cube,er_cma,0,256,,0.01,,,,,,,1.0,0.001,1.0,0.05,0.0,0.1,0.13636146485805511,25.228156805038452,ok,
cube,er_cma,0,256,,0.1,,,,,,,1.0,0.001,1.0,0.05,0.0,0.1,0.24200043082237244,25.072144031524658,ok,
cube,er_cma,0,256,,0.5,,,,,,,1.0,0.001,1.0,0.05,0.0,0.1,1.228005290031433,25.038117170333862,ok,
cube,er_cma,0,256,,1.0,,,,,,,1.0,0.001,1.0,0.05,0.0,0.1,1.7175869941711426,24.035104990005493,ok,
cube,er_cma,0,256,,0.01,,,,,,,1.0,0.001,1.0,0.1,0.0,0.1,0.1291341930627823,23.937190532684326,ok,
cube,er_cma,0,256,,0.1,,,,,,,1.0,0.001,1.0,0.1,0.0,0.1,0.24635490775108337,23.83064913749695,ok,
cube,er_cma,0,256,,0.5,,,,,,,1.0,0.001,1.0,0.1,0.0,0.1,1.25482177734375,23.97588086128235,ok,
cube,er_cma,0,256,,1.0,,,,,,,1.0,0.001,1.0,0.1,0.0,0.1,1.7534890174865723,23.98607587814331,ok,
cube,er_cma,0,256,,0.01,,,,,,,1.0,0.001,1.0,0.3,0.0,0.1,0.09310852736234665,24.07561993598938,ok,
cube,er_cma,0,256,,0.1,,,,,,,1.0,0.001,1.0,0.3,0.0,0.1,0.3260264992713928,23.95426058769226,ok,
cube,er_cma,0,256,,0.5,,,,,,,1.0,0.001,1.0,0.3,0.0,0.1,1.414840579032898,23.982393503189087,ok,
cube,er_cma,0,256,,1.0,,,,,,,1.0,0.001,1.0,0.3,0.0,0.1,1.9607657194137573,23.868699550628662,ok,
cube,er_cma,0,256,,0.01,,,,,,,1.0,0.001,1.0,1.0,0.0,0.1,0.4217073619365692,23.954390048980713,ok,
cube,er_cma,0,256,,0.1,,,,,,,1.0,0.001,1.0,1.0,0.0,0.1,1.1798930168151855,24.113787412643433,ok,
cube,er_cma,0,256,,0.5,,,,,,,1.0,0.001,1.0,1.0,0.0,0.1,1.607405424118042,24.0105082988739,ok,
cube,er_cma,0,256,,1.0,,,,,,,1.0,0.001,1.0,1.0,0.0,0.1,2.7909417152404785,23.966683864593506,ok,
cube,er_cma,0,256,,0.01,,,,,,,1.0,0.001,1.0,0.05,0.0,0.3,0.1310764104127884,25.124666929244995,ok,
cube,er_cma,0,256,,0.1,,,,,,,1.0,0.001,1.0,0.05,0.0,0.3,0.21520616114139557,25.05352783203125,ok,
cube,er_cma,0,256,,0.5,,,,,,,1.0,0.001,1.0,0.05,0.0,0.3,1.0739266872406006,24.823751211166382,ok,
cube,er_cma,0,256,,1.0,,,,,,,1.0,0.001,1.0,0.05,0.0,0.3,1.7204169034957886,24.062540531158447,ok,
cube,er_cma,0,256,,0.01,,,,,,,1.0,0.001,1.0,0.1,0.0,0.3,0.1268463432788849,24.917335987091064,ok,
cube,er_cma,0,256,,0.1,,,,,,,1.0,0.001,1.0,0.1,0.0,0.3,0.21304871141910553,24.804325580596924,ok,
cube,er_cma,0,256,,0.5,,,,,,,1.0,0.001,1.0,0.1,0.0,0.3,1.128604769706726,23.917216062545776,ok,
cube,er_cma,0,256,,1.0,,,,,,,1.0,0.001,1.0,0.1,0.0,0.3,2.7132580280303955,23.913378715515137,ok,
cube,er_cma,0,256,,0.01,,,,,,,1.0,0.001,1.0,0.3,0.0,0.3,0.0915045216679573,24.000099420547485,ok,
cube,er_cma,0,256,,0.1,,,,,,,1.0,0.001,1.0,0.3,0.0,0.3,0.3085222542285919,23.908380270004272,ok,
cube,er_cma,0,256,,0.5,,,,,,,1.0,0.001,1.0,0.3,0.0,0.3,1.5024135112762451,24.013993501663208,ok,
cube,er_cma,0,256,,1.0,,,,,,,1.0,0.001,1.0,0.3,0.0,0.3,2.227600574493408,24.0241916179657,ok,
cube,er_cma,0,256,,0.01,,,,,,,1.0,0.001,1.0,1.0,0.0,0.3,0.49412116408348083,23.881555795669556,ok,
cube,er_cma,0,256,,0.1,,,,,,,1.0,0.001,1.0,1.0,0.0,0.3,1.4032633304595947,24.162358045578003,ok,
cube,er_cma,0,256,,0.5,,,,,,,1.0,0.001,1.0,1.0,0.0,0.3,1.491689920425415,23.890957593917847,ok,
cube,er_cma,0,256,,1.0,,,,,,,1.0,0.001,1.0,1.0,0.0,0.3,2.890537977218628,23.963163137435913,ok,
cube,er_cma,0,256,,0.01,,,,,,,1.0,0.001,1.0,0.05,0.0,0.5,0.13947616517543793,23.97120761871338,ok,
cube,er_cma,0,256,,0.1,,,,,,,1.0,0.001,1.0,0.05,0.0,0.5,0.22082586586475372,23.890730381011963,ok,
cube,er_cma,0,256,,0.5,,,,,,,1.0,0.001,1.0,0.05,0.0,0.5,1.2763968706130981,23.95928931236267,ok,
cube,er_cma,0,256,,1.0,,,,,,,1.0,0.001,1.0,0.05,0.0,0.5,3.363429307937622,23.902735233306885,ok,
cube,er_cma,0,256,,0.01,,,,,,,1.0,0.001,1.0,0.1,0.0,0.5,0.13175369799137115,24.001775979995728,ok,
cube,er_cma,0,256,,0.1,,,,,,,1.0,0.001,1.0,0.1,0.0,0.5,0.21294890344142914,23.92435932159424,ok,
cube,er_cma,0,256,,0.5,,,,,,,1.0,0.001,1.0,0.1,0.0,0.5,1.2023268938064575,24.624008893966675,ok,
cube,er_cma,0,256,,1.0,,,,,,,1.0,0.001,1.0,0.1,0.0,0.5,2.723215341567993,24.156258821487427,ok,
cube,er_cma,0,256,,0.01,,,,,,,1.0,0.001,1.0,0.3,0.0,0.5,0.08674505352973938,23.86400318145752,ok,
cube,er_cma,0,256,,0.1,,,,,,,1.0,0.001,1.0,0.3,0.0,0.5,0.29646947979927063,24.107422590255737,ok,
cube,er_cma,0,256,,0.5,,,,,,,1.0,0.001,1.0,0.3,0.0,0.5,1.5783460140228271,23.90091300010681,ok,
cube,er_cma,0,256,,1.0,,,,,,,1.0,0.001,1.0,0.3,0.0,0.5,2.939379930496216,23.880906343460083,ok,
cube,er_cma,0,256,,0.01,,,,,,,1.0,0.001,1.0,1.0,0.0,0.5,0.42163747549057007,23.989963054656982,ok,
cube,er_cma,0,256,,0.1,,,,,,,1.0,0.001,1.0,1.0,0.0,0.5,1.3302396535873413,24.105820655822754,ok,
cube,er_cma,0,256,,0.5,,,,,,,1.0,0.001,1.0,1.0,0.0,0.5,1.5802139043807983,23.938854932785034,ok,
cube,er_cma,0,256,,1.0,,,,,,,1.0,0.001,1.0,1.0,0.0,0.5,2.752976417541504,24.10730290412903,ok,
cube,er_cma,0,256,,0.01,,,,,,,1.0,0.001,1.0,0.05,0.1,0.1,0.1321905553340912,24.102909803390503,ok,
cube,er_cma,0,256,,0.1,,,,,,,1.0,0.001,1.0,0.05,0.1,0.1,0.21600565314292908,24.75704860687256,ok,
cube,er_cma,0,256,,0.5,,,,,,,1.0,0.001,1.0,0.05,0.1,0.1,1.0987837314605713,23.970348119735718,ok,
cube,er_cma,0,256,,1.0,,,,,,,1.0,0.001,1.0,0.05,0.1,0.1,3.099838972091675,23.881228923797607,ok,
cube,er_cma,0,256,,0.01,,,,,,,1.0,0.001,1.0,0.1,0.1,0.1,0.12577928602695465,23.945656061172485,ok,
cube,er_cma,0,256,,0.1,,,,,,,1.0,0.001,1.0,0.1,0.1,0.1,0.21591107547283173,24.077666759490967,ok,
cube,er_cma,0,256,,0.5,,,,,,,1.0,0.001,1.0,0.1,0.1,0.1,1.0904589891433716,23.91118288040161,ok,
cube,er_cma,0,256,,1.0,,,,,,,1.0,0.001,1.0,0.1,0.1,0.1,2.5801029205322266,23.824414253234863,ok,
cube,er_cma,0,256,,0.01,,,,,,,1.0,0.001,1.0,0.3,0.1,0.1,0.11368568241596222,24.773028135299683,ok,
cube,er_cma,0,256,,0.1,,,,,,,1.0,0.001,1.0,0.3,0.1,0.1,0.28131353855133057,23.89611029624939,ok,
cube,er_cma,0,256,,0.5,,,,,,,1.0,0.001,1.0,0.3,0.1,0.1,1.2140679359436035,23.839924097061157,ok,
cube,er_cma,0,256,,1.0,,,,,,,1.0,0.001,1.0,0.3,0.1,0.1,2.4266934394836426,24.021695613861084,ok,
cube,er_cma,0,256,,0.01,,,,,,,1.0,0.001,1.0,1.0,0.1,0.1,0.36983832716941833,24.23235273361206,ok,
cube,er_cma,0,256,,0.1,,,,,,,1.0,0.001,1.0,1.0,0.1,0.1,0.4047975242137909,23.966559171676636,ok,
cube,er_cma,0,256,,0.5,,,,,,,1.0,0.001,1.0,1.0,0.1,0.1,1.540982961654663,24.455816507339478,ok,
cube,er_cma,0,256,,1.0,,,,,,,1.0,0.001,1.0,1.0,0.1,0.1,2.8794708251953125,23.931439876556396,ok,
cube,er_cma,0,256,,0.01,,,,,,,1.0,0.001,1.0,0.05,0.1,0.3,0.1360418200492859,24.057243585586548,ok,
cube,er_cma,0,256,,0.1,,,,,,,1.0,0.001,1.0,0.05,0.1,0.3,0.24888227880001068,24.018141984939575,ok,
cube,er_cma,0,256,,0.5,,,,,,,1.0,0.001,1.0,0.05,0.1,0.3,2.531395673751831,23.833253622055054,ok,
cube,er_cma,0,256,,1.0,,,,,,,1.0,0.001,1.0,0.05,0.1,0.3,1.6914747953414917,24.10299038887024,ok,
cube,er_cma,0,256,,0.01,,,,,,,1.0,0.001,1.0,0.1,0.1,0.3,0.10095676779747009,23.953065633773804,ok,
cube,er_cma,0,256,,0.1,,,,,,,1.0,0.001,1.0,0.1,0.1,0.3,0.2137153148651123,23.997470378875732,ok,
cube,er_cma,0,256,,0.5,,,,,,,1.0,0.001,1.0,0.1,0.1,0.3,1.2197320461273193,23.84294056892395,ok,
cube,er_cma,0,256,,1.0,,,,,,,1.0,0.001,1.0,0.1,0.1,0.3,3.2275662422180176,23.970730781555176,ok,
cube,er_cma,0,256,,0.01,,,,,,,1.0,0.001,1.0,0.3,0.1,0.3,0.10807212442159653,23.949487924575806,ok,
cube,er_cma,0,256,,0.1,,,,,,,1.0,0.001,1.0,0.3,0.1,0.3,0.3067445158958435,24.03291368484497,ok,
cube,er_cma,0,256,,0.5,,,,,,,1.0,0.001,1.0,0.3,0.1,0.3,1.21714186668396,23.941681385040283,ok,
cube,er_cma,0,256,,1.0,,,,,,,1.0,0.001,1.0,0.3,0.1,0.3,2.7078094482421875,24.107393980026245,ok,
cube,er_cma,0,256,,0.01,,,,,,,1.0,0.001,1.0,1.0,0.1,0.3,0.36249423027038574,23.968310594558716,ok,
cube,er_cma,0,256,,0.1,,,,,,,1.0,0.001,1.0,1.0,0.1,0.3,0.4914495050907135,23.7934832572937,ok,
cube,er_cma,0,256,,0.5,,,,,,,1.0,0.001,1.0,1.0,0.1,0.3,1.7002949714660645,24.043782949447632,ok,
cube,er_cma,0,256,,1.0,,,,,,,1.0,0.001,1.0,1.0,0.1,0.3,1.9273996353149414,23.94732356071472,ok,
cube,er_cma,0,256,,0.01,,,,,,,1.0,0.001,1.0,0.05,0.1,0.5,0.13447237014770508,23.977503061294556,ok,
cube,er_cma,0,256,,0.1,,,,,,,1.0,0.001,1.0,0.05,0.1,0.5,0.24991406500339508,24.049527168273926,ok,
cube,er_cma,0,256,,0.5,,,,,,,1.0,0.001,1.0,0.05,0.1,0.5,1.3443255424499512,24.10896134376526,ok,
cube,er_cma,0,256,,1.0,,,,,,,1.0,0.001,1.0,0.05,0.1,0.5,3.3776040077209473,23.860265731811523,ok,
cube,er_cma,0,256,,0.01,,,,,,,1.0,0.001,1.0,0.1,0.1,0.5,0.12386959046125412,24.079208850860596,ok,
cube,er_cma,0,256,,0.1,,,,,,,1.0,0.001,1.0,0.1,0.1,0.5,0.2462017685174942,23.91019630432129,ok,
cube,er_cma,0,256,,0.5,,,,,,,1.0,0.001,1.0,0.1,0.1,0.5,1.295518398284912,23.891841173171997,ok,
cube,er_cma,0,256,,1.0,,,,,,,1.0,0.001,1.0,0.1,0.1,0.5,1.7561726570129395,23.913533926010132,ok,
cube,er_cma,0,256,,0.01,,,,,,,1.0,0.001,1.0,0.3,0.1,0.5,0.14906683564186096,23.890081644058228,ok,
cube,er_cma,0,256,,0.1,,,,,,,1.0,0.001,1.0,0.3,0.1,0.5,0.32021087408065796,24.070839166641235,ok,
cube,er_cma,0,256,,0.5,,,,,,,1.0,0.001,1.0,0.3,0.1,0.5,1.214328646659851,23.952143669128418,ok,
cube,er_cma,0,256,,1.0,,,,,,,1.0,0.001,1.0,0.3,0.1,0.5,2.7952539920806885,23.964520692825317,ok,
cube,er_cma,0,256,,0.01,,,,,,,1.0,0.001,1.0,1.0,0.1,0.5,0.38410618901252747,24.116008281707764,ok,
cube,er_cma,0,256,,0.1,,,,,,,1.0,0.001,1.0,1.0,0.1,0.5,1.1966724395751953,24.009011030197144,ok,
cube,er_cma,0,256,,0.5,,,,,,,1.0,0.001,1.0,1.0,0.1,0.5,1.3732315301895142,23.880783081054688,ok,
cube,er_cma,0,256,,1.0,,,,,,,1.0,0.001,1.0,1.0,0.1,0.5,2.9367055892944336,25.17893648147583,ok,
cube,er_cma,0,256,,0.01,,,,,,,1.0,0.001,1.0,0.05,0.3,0.3,0.13617029786109924,24.280536651611328,ok,
cube,er_cma,0,256,,0.1,,,,,,,1.0,0.001,1.0,0.05,0.3,0.3,0.23320338129997253,23.883127689361572,ok,
cube,er_cma,0,256,,0.5,,,,,,,1.0,0.001,1.0,0.05,0.3,0.3,1.2195428609848022,23.956080198287964,ok,
cube,er_cma,0,256,,1.0,,,,,,,1.0,0.001,1.0,0.05,0.3,0.3,3.933245897293091,24.292113304138184,ok,
cube,er_cma,0,256,,0.01,,,,,,,1.0,0.001,1.0,0.1,0.3,0.3,0.12819111347198486,23.946454286575317,ok,
cube,er_cma,0,256,,0.1,,,,,,,1.0,0.001,1.0,0.1,0.3,0.3,0.21864402294158936,23.920174837112427,ok,
cube,er_cma,0,256,,0.5,,,,,,,1.0,0.001,1.0,0.1,0.3,0.3,1.1495306491851807,24.110975980758667,ok,
cube,er_cma,0,256,,1.0,,,,,,,1.0,0.001,1.0,0.1,0.3,0.3,3.902437210083008,24.014755964279175,ok,
cube,er_cma,0,256,,0.01,,,,,,,1.0,0.001,1.0,0.3,0.3,0.3,0.12656809389591217,24.146637678146362,ok,
cube,er_cma,0,256,,0.1,,,,,,,1.0,0.001,1.0,0.3,0.3,0.3,0.24544797837734222,24.081202030181885,ok,
cube,er_cma,0,256,,0.5,,,,,,,1.0,0.001,1.0,0.3,0.3,0.3,1.2218314409255981,24.061729431152344,ok,
cube,er_cma,0,256,,1.0,,,,,,,1.0,0.001,1.0,0.3,0.3,0.3,4.639091968536377,23.935694932937622,ok,
cube,er_cma,0,256,,0.01,,,,,,,1.0,0.001,1.0,1.0,0.3,0.3,0.35937467217445374,23.97282099723816,ok,
cube,er_cma,0,256,,0.1,,,,,,,1.0,0.001,1.0,1.0,0.3,0.3,0.446982204914093,23.968908071517944,ok,
cube,er_cma,0,256,,0.5,,,,,,,1.0,0.001,1.0,1.0,0.3,0.3,1.1111738681793213,23.976001739501953,ok,
cube,er_cma,0,256,,1.0,,,,,,,1.0,0.001,1.0,1.0,0.3,0.3,1.8734713792800903,25.190891981124878,ok,
cube,er_cma,0,256,,0.01,,,,,,,1.0,0.001,1.0,0.05,0.3,0.5,0.10903830826282501,23.898449897766113,ok,
cube,er_cma,0,256,,0.1,,,,,,,1.0,0.001,1.0,0.05,0.3,0.5,0.21814845502376556,23.864293575286865,ok,
cube,er_cma,0,256,,0.5,,,,,,,1.0,0.001,1.0,0.05,0.3,0.5,2.71124529838562,24.0437228679657,ok,
cube,er_cma,0,256,,1.0,,,,,,,1.0,0.001,1.0,0.05,0.3,0.5,1.7451220750808716,23.868338584899902,ok,
cube,er_cma,0,256,,0.01,,,,,,,1.0,0.001,1.0,0.1,0.3,0.5,0.12586736679077148,24.11117720603943,ok,
cube,er_cma,0,256,,0.1,,,,,,,1.0,0.001,1.0,0.1,0.3,0.5,0.21658645570278168,23.848604917526245,ok,
cube,er_cma,0,256,,0.5,,,,,,,1.0,0.001,1.0,0.1,0.3,0.5,1.0991941690444946,24.060832500457764,ok,
cube,er_cma,0,256,,1.0,,,,,,,1.0,0.001,1.0,0.1,0.3,0.5,1.751906156539917,23.878687858581543,ok,
cube,er_cma,0,256,,0.01,,,,,,,1.0,0.001,1.0,0.3,0.3,0.5,0.15593789517879486,24.07310438156128,ok,
cube,er_cma,0,256,,0.1,,,,,,,1.0,0.001,1.0,0.3,0.3,0.5,0.20743536949157715,24.17906355857849,ok,
cube,er_cma,0,256,,0.5,,,,,,,1.0,0.001,1.0,0.3,0.3,0.5,1.2447545528411865,24.92156147956848,ok,
cube,er_cma,0,256,,1.0,,,,,,,1.0,0.001,1.0,0.3,0.3,0.5,3.178999423980713,24.082829475402832,ok,
cube,er_cma,0,256,,0.01,,,,,,,1.0,0.001,1.0,1.0,0.3,0.5,0.30906879901885986,24.12134599685669,ok,
cube,er_cma,0,256,,0.1,,,,,,,1.0,0.001,1.0,1.0,0.3,0.5,0.46508413553237915,25.363889694213867,ok,
cube,er_cma,0,256,,0.5,,,,,,,1.0,0.001,1.0,1.0,0.3,0.5,1.1968693733215332,23.902475118637085,ok,
cube,er_cma,0,256,,1.0,,,,,,,1.0,0.001,1.0,1.0,0.3,0.5,3.282165288925171,23.92465829849243,ok,
cube,er_cma,0,256,,0.01,,,,,,,1.0,0.001,1.0,0.05,0.5,0.5,0.12862460315227509,24.01863741874695,ok,
cube,er_cma,0,256,,0.1,,,,,,,1.0,0.001,1.0,0.05,0.5,0.5,0.25181031227111816,23.858552932739258,ok,
cube,er_cma,0,256,,0.5,,,,,,,1.0,0.001,1.0,0.05,0.5,0.5,1.1514155864715576,24.14673113822937,ok,
cube,er_cma,0,256,,1.0,,,,,,,1.0,0.001,1.0,0.05,0.5,0.5,1.7486320734024048,24.068389415740967,ok,
cube,er_cma,0,256,,0.01,,,,,,,1.0,0.001,1.0,0.1,0.5,0.5,0.12585502862930298,23.877310514450073,ok,
cube,er_cma,0,256,,0.1,,,,,,,1.0,0.001,1.0,0.1,0.5,0.5,0.21785399317741394,24.52017903327942,ok,
cube,er_cma,0,256,,0.5,,,,,,,1.0,0.001,1.0,0.1,0.5,0.5,2.667651414871216,23.874147653579712,ok,
cube,er_cma,0,256,,1.0,,,,,,,1.0,0.001,1.0,0.1,0.5,0.5,3.808634042739868,24.118897199630737,ok,
cube,er_cma,0,256,,0.01,,,,,,,1.0,0.001,1.0,0.3,0.5,0.5,0.15890437364578247,23.947935342788696,ok,
cube,er_cma,0,256,,0.1,,,,,,,1.0,0.001,1.0,0.3,0.5,0.5,0.22206120193004608,23.80089807510376,ok,
cube,er_cma,0,256,,0.5,,,,,,,1.0,0.001,1.0,0.3,0.5,0.5,1.1098519563674927,23.936522960662842,ok,
cube,er_cma,0,256,,1.0,,,,,,,1.0,0.001,1.0,0.3,0.5,0.5,3.8340866565704346,24.025933980941772,ok,
cube,er_cma,0,256,,0.01,,,,,,,1.0,0.001,1.0,1.0,0.5,0.5,0.16185860335826874,24.587140798568726,ok,
cube,er_cma,0,256,,0.1,,,,,,,1.0,0.001,1.0,1.0,0.5,0.5,0.24151797592639923,24.075605869293213,ok,
cube,er_cma,0,256,,0.5,,,,,,,1.0,0.001,1.0,1.0,0.5,0.5,2.827056407928467,24.138577699661255,ok,
cube,er_cma,0,256,,1.0,,,,,,,1.0,0.001,1.0,1.0,0.5,0.5,3.6532771587371826,24.019976139068604,ok,
humanoid_standup,ps,0,256,0.05,,,,,,,,,,,,,,33.710758209228516,44.4832022190094,ok,
humanoid_standup,ps,0,256,0.1,,,,,,,,,,,,,,45.08428955078125,44.59110116958618,ok,
humanoid_standup,ps,0,256,0.3,,,,,,,,,,,,,,34.206722259521484,45.85497975349426,ok,
humanoid_standup,ps,0,256,0.5,,,,,,,,,,,,,,35.05942916870117,44.7881600856781,ok,
humanoid_standup,ps,0,256,1.0,,,,,,,,,,,,,,36.93478012084961,44.54352521896362,ok,
humanoid_standup,mppi,0,256,0.1,0.01,,,,,,,,,,,,,32.502315521240234,45.23685669898987,ok,
humanoid_standup,mppi,0,256,0.1,0.1,,,,,,,,,,,,,33.21778869628906,44.48475623130798,ok,
humanoid_standup,mppi,0,256,0.1,0.5,,,,,,,,,,,,,41.64827346801758,44.10773229598999,ok,
humanoid_standup,mppi,0,256,0.1,1.0,,,,,,,,,,,,,36.16172409057617,44.24384880065918,ok,
humanoid_standup,mppi,0,256,0.3,0.01,,,,,,,,,,,,,33.54881286621094,43.92620611190796,ok,
humanoid_standup,mppi,0,256,0.3,0.1,,,,,,,,,,,,,37.48808670043945,44.113606452941895,ok,
humanoid_standup,mppi,0,256,0.3,0.5,,,,,,,,,,,,,36.46352005004883,44.34707808494568,ok,
humanoid_standup,mppi,0,256,0.3,1.0,,,,,,,,,,,,,35.72832489013672,43.984503984451294,ok,
humanoid_standup,mppi,0,256,0.5,0.01,,,,,,,,,,,,,36.1734733581543,44.21195578575134,ok,
humanoid_standup,mppi,0,256,0.5,0.1,,,,,,,,,,,,,33.08297348022461,44.128135204315186,ok,
humanoid_standup,mppi,0,256,0.5,0.5,,,,,,,,,,,,,33.99692153930664,43.80449962615967,ok,
humanoid_standup,mppi,0,256,0.5,1.0,,,,,,,,,,,,,33.983638763427734,44.00348949432373,ok,
humanoid_standup,mppi,0,256,1.0,0.01,,,,,,,,,,,,,36.92536163330078,44.20748162269592,ok,
humanoid_standup,mppi,0,256,1.0,0.1,,,,,,,,,,,,,34.07344055175781,44.135629653930664,ok,
humanoid_standup,mppi,0,256,1.0,0.5,,,,,,,,,,,,,32.04323196411133,44.19085741043091,ok,
humanoid_standup,mppi,0,256,1.0,1.0,,,,,,,,,,,,,33.281246185302734,44.069854497909546,ok,
humanoid_standup,cem,0,256,,,0.1,0.001,4,0.0,,,,,,,,,52.47481155395508,44.08872413635254,ok,
humanoid_standup,cem,0,256,,,0.1,0.001,8,0.0,,,,,,,,,41.09417724609375,44.103681325912476,ok,
humanoid_standup,cem,0,256,,,0.1,0.001,16,0.0,,,,,,,,,48.21980667114258,44.16644763946533,ok,
humanoid_standup,cem,0,256,,,0.3,0.001,4,0.0,,,,,,,,,46.925621032714844,6.268069267272949,ok,
humanoid_standup,cem,0,256,,,0.3,0.001,8,0.0,,,,,,,,,47.14039993286133,6.282108783721924,ok,
humanoid_standup,cem,0,256,,,0.3,0.001,16,0.0,,,,,,,,,47.85023498535156,6.30070424079895,ok,
humanoid_standup,cem,0,256,,,0.5,0.001,4,0.0,,,,,,,,,46.297569274902344,6.289808511734009,ok,
humanoid_standup,cem,0,256,,,0.5,0.001,8,0.0,,,,,,,,,44.637325286865234,6.282521963119507,ok,
humanoid_standup,cem,0,256,,,0.5,0.001,16,0.0,,,,,,,,,40.712825775146484,6.281947612762451,ok,
humanoid_standup,cem,0,256,,,1.0,0.001,4,0.0,,,,,,,,,47.06887435913086,7.147950649261475,ok,
humanoid_standup,cem,0,256,,,1.0,0.001,8,0.0,,,,,,,,,49.02751159667969,6.291616201400757,ok,
humanoid_standup,cem,0,256,,,1.0,0.001,16,0.0,,,,,,,,,43.29224395751953,6.2957539558410645,ok,
humanoid_standup,dial,0,256,1.0,0.5,,,,,0.5,0.5,,,,,,,37.91196060180664,44.40239405632019,ok,
humanoid_standup,dial,0,256,1.0,0.5,,,,,0.5,1.0,,,,,,,34.06482696533203,44.19069719314575,ok,
humanoid_standup,dial,0,256,1.0,0.5,,,,,0.5,2.0,,,,,,,32.18558883666992,44.2979474067688,ok,
humanoid_standup,dial,0,256,1.0,0.5,,,,,1.0,0.5,,,,,,,32.82656478881836,44.17795920372009,ok,
humanoid_standup,dial,0,256,1.0,0.5,,,,,1.0,1.0,,,,,,,34.104312896728516,46.03659987449646,ok,
humanoid_standup,dial,0,256,1.0,0.5,,,,,1.0,2.0,,,,,,,32.52817153930664,44.62964224815369,ok,
humanoid_standup,dial,0,256,1.0,0.5,,,,,2.0,0.5,,,,,,,45.38166809082031,45.55059862136841,ok,
humanoid_standup,dial,0,256,1.0,0.5,,,,,2.0,1.0,,,,,,,33.52360916137695,44.10945677757263,ok,
humanoid_standup,dial,0,256,1.0,0.5,,,,,2.0,2.0,,,,,,,32.23622131347656,44.08286809921265,ok,
humanoid_standup,mppi_cma,0,256,,0.01,,,,,,,1.0,0.001,,0.05,,,36.269508361816406,45.76670551300049,ok,
humanoid_standup,mppi_cma,0,256,,0.1,,,,,,,1.0,0.001,,0.05,,,32.502586364746094,45.53338551521301,ok,
humanoid_standup,mppi_cma,0,256,,0.5,,,,,,,1.0,0.001,,0.05,,,32.529052734375,45.59940218925476,ok,
humanoid_standup,mppi_cma,0,256,,1.0,,,,,,,1.0,0.001,,0.05,,,32.778076171875,45.633957862854004,ok,
humanoid_standup,mppi_cma,0,256,,0.01,,,,,,,1.0,0.001,,0.1,,,34.8765754699707,46.678731203079224,ok,
humanoid_standup,mppi_cma,0,256,,0.1,,,,,,,1.0,0.001,,0.1,,,32.909881591796875,45.9373095035553,ok,
humanoid_standup,mppi_cma,0,256,,0.5,,,,,,,1.0,0.001,,0.1,,,31.62056541442871,46.5005669593811,ok,
humanoid_standup,mppi_cma,0,256,,1.0,,,,,,,1.0,0.001,,0.1,,,35.26633834838867,45.6576452255249,ok,
humanoid_standup,mppi_cma,0,256,,0.01,,,,,,,1.0,0.001,,0.3,,,41.46250534057617,46.00322651863098,ok,
humanoid_standup,mppi_cma,0,256,,0.1,,,,,,,1.0,0.001,,0.3,,,37.384708404541016,45.83337950706482,ok,
humanoid_standup,mppi_cma,0,256,,0.5,,,,,,,1.0,0.001,,0.3,,,32.305999755859375,45.74314737319946,ok,
humanoid_standup,mppi_cma,0,256,,1.0,,,,,,,1.0,0.001,,0.3,,,33.27431106567383,45.59968042373657,ok,
humanoid_standup,mppi_cma,0,256,,0.01,,,,,,,1.0,0.001,,1.0,,,nan,45.40320897102356,ok,
humanoid_standup,mppi_cma,0,256,,0.1,,,,,,,1.0,0.001,,1.0,,,nan,45.89589715003967,ok,
humanoid_standup,mppi_cma,0,256,,0.5,,,,,,,1.0,0.001,,1.0,,,43.53898620605469,45.70811080932617,ok,
humanoid_standup,mppi_cma,0,256,,1.0,,,,,,,1.0,0.001,,1.0,,,39.23719024658203,46.00249004364014,ok,
humanoid_standup,er_cma,0,256,,0.01,,,,,,,1.0,0.001,1.0,0.05,0.0,0.1,33.9173469543457,44.500797510147095,ok,
humanoid_standup,er_cma,0,256,,0.1,,,,,,,1.0,0.001,1.0,0.05,0.0,0.1,32.160606384277344,44.650776624679565,ok,
humanoid_standup,er_cma,0,256,,0.5,,,,,,,1.0,0.001,1.0,0.05,0.0,0.1,32.533355712890625,44.531513929367065,ok,
humanoid_standup,er_cma,0,256,,1.0,,,,,,,1.0,0.001,1.0,0.05,0.0,0.1,33.069374084472656,45.50659203529358,ok,
humanoid_standup,er_cma,0,256,,0.01,,,,,,,1.0,0.001,1.0,0.1,0.0,0.1,34.80202102661133,44.663973331451416,ok,
humanoid_standup,er_cma,0,256,,0.1,,,,,,,1.0,0.001,1.0,0.1,0.0,0.1,32.42869567871094,45.40900993347168,ok,
humanoid_standup,er_cma,0,256,,0.5,,,,,,,1.0,0.001,1.0,0.1,0.0,0.1,31.63545799255371,44.283236026763916,ok,
humanoid_standup,er_cma,0,256,,1.0,,,,,,,1.0,0.001,1.0,0.1,0.0,0.1,32.54128646850586,44.3419713973999,ok,
humanoid_standup,er_cma,0,256,,0.01,,,,,,,1.0,0.001,1.0,0.3,0.0,0.1,43.453887939453125,44.20161724090576,ok,
humanoid_standup,er_cma,0,256,,0.1,,,,,,,1.0,0.001,1.0,0.3,0.0,0.1,35.16825866699219,44.52137041091919,ok,
humanoid_standup,er_cma,0,256,,0.5,,,,,,,1.0,0.001,1.0,0.3,0.0,0.1,32.36361312866211,44.33052849769592,ok,
humanoid_standup,er_cma,0,256,,1.0,,,,,,,1.0,0.001,1.0,0.3,0.0,0.1,34.00072479248047,44.68211269378662,ok,
humanoid_standup,er_cma,0,256,,0.01,,,,,,,1.0,0.001,1.0,1.0,0.0,0.1,43.9144401550293,44.432300090789795,ok,
humanoid_standup,er_cma,0,256,,0.1,,,,,,,1.0,0.001,1.0,1.0,0.0,0.1,52.79896926879883,44.639081716537476,ok,
humanoid_standup,er_cma,0,256,,0.5,,,,,,,1.0,0.001,1.0,1.0,0.0,0.1,48.73194885253906,44.45852494239807,ok,
humanoid_standup,er_cma,0,256,,1.0,,,,,,,1.0,0.001,1.0,1.0,0.0,0.1,47.50784683227539,44.893147706985474,ok,
humanoid_standup,er_cma,0,256,,0.01,,,,,,,1.0,0.001,1.0,0.05,0.0,0.3,34.29933547973633,44.57458758354187,ok,
humanoid_standup,er_cma,0,256,,0.1,,,,,,,1.0,0.001,1.0,0.05,0.0,0.3,33.00604248046875,45.15290021896362,ok,
humanoid_standup,er_cma,0,256,,0.5,,,,,,,1.0,0.001,1.0,0.05,0.0,0.3,32.15080642700195,45.31055736541748,ok,
humanoid_standup,er_cma,0,256,,1.0,,,,,,,1.0,0.001,1.0,0.05,0.0,0.3,34.348716735839844,44.76126027107239,ok,
humanoid_standup,er_cma,0,256,,0.01,,,,,,,1.0,0.001,1.0,0.1,0.0,0.3,34.02781295776367,44.66970419883728,ok,
humanoid_standup,er_cma,0,256,,0.1,,,,,,,1.0,0.001,1.0,0.1,0.0,0.3,31.767248153686523,44.68449831008911,ok,
humanoid_standup,er_cma,0,256,,0.5,,,,,,,1.0,0.001,1.0,0.1,0.0,0.3,31.941265106201172,44.50867986679077,ok,
humanoid_standup,er_cma,0,256,,1.0,,,,,,,1.0,0.001,1.0,0.1,0.0,0.3,32.367252349853516,44.433730363845825,ok,
humanoid_standup,er_cma,0,256,,0.01,,,,,,,1.0,0.001,1.0,0.3,0.0,0.3,45.803932189941406,44.64919471740723,ok,
humanoid_standup,er_cma,0,256,,0.1,,,,,,,1.0,0.001,1.0,0.3,0.0,0.3,42.396995544433594,44.56900429725647,ok,
humanoid_standup,er_cma,0,256,,0.5,,,,,,,1.0,0.001,1.0,0.3,0.0,0.3,32.74592590332031,44.974913597106934,ok,
humanoid_standup,er_cma,0,256,,1.0,,,,,,,1.0,0.001,1.0,0.3,0.0,0.3,34.831111907958984,44.81262564659119,ok,
humanoid_standup,er_cma,0,256,,0.01,,,,,,,1.0,0.001,1.0,1.0,0.0,0.3,52.59266662597656,44.417083740234375,ok,
humanoid_standup,er_cma,0,256,,0.1,,,,,,,1.0,0.001,1.0,1.0,0.0,0.3,54.47125244140625,44.93770146369934,ok,
humanoid_standup,er_cma,0,256,,0.5,,,,,,,1.0,0.001,1.0,1.0,0.0,0.3,45.242950439453125,46.24334144592285,ok,
humanoid_standup,er_cma,0,256,,1.0,,,,,,,1.0,0.001,1.0,1.0,0.0,0.3,46.497440338134766,44.7539324760437,ok,
humanoid_standup,er_cma,0,256,,0.01,,,,,,,1.0,0.001,1.0,0.05,0.0,0.5,33.79848098754883,45.83771228790283,ok,
humanoid_standup,er_cma,0,256,,0.1,,,,,,,1.0,0.001,1.0,0.05,0.0,0.5,32.00925064086914,46.28321957588196,ok,
humanoid_standup,er_cma,0,256,,0.5,,,,,,,1.0,0.001,1.0,0.05,0.0,0.5,31.86957359313965,44.69064497947693,ok,
humanoid_standup,er_cma,0,256,,1.0,,,,,,,1.0,0.001,1.0,0.05,0.0,0.5,33.902496337890625,44.56183362007141,ok,
humanoid_standup,er_cma,0,256,,0.01,,,,,,,1.0,0.001,1.0,0.1,0.0,0.5,35.17430877685547,45.22173714637756,ok,
humanoid_standup,er_cma,0,256,,0.1,,,,,,,1.0,0.001,1.0,0.1,0.0,0.5,34.083858489990234,44.582258462905884,ok,
humanoid_standup,er_cma,0,256,,0.5,,,,,,,1.0,0.001,1.0,0.1,0.0,0.5,31.828041076660156,44.36417055130005,ok,
humanoid_standup,er_cma,0,256,,1.0,,,,,,,1.0,0.001,1.0,0.1,0.0,0.5,34.1401481628418,44.93572425842285,ok,
humanoid_standup,er_cma,0,256,,0.01,,,,,,,1.0,0.001,1.0,0.3,0.0,0.5,43.18306350708008,45.238614082336426,ok,
humanoid_standup,er_cma,0,256,,0.1,,,,,,,1.0,0.001,1.0,0.3,0.0,0.5,36.05489730834961,44.95345115661621,ok,
humanoid_standup,er_cma,0,256,,0.5,,,,,,,1.0,0.001,1.0,0.3,0.0,0.5,32.9929313659668,44.79390740394592,ok,
humanoid_standup,er_cma,0,256,,1.0,,,,,,,1.0,0.001,1.0,0.3,0.0,0.5,36.05654525756836,44.266066789627075,ok,
humanoid_standup,er_cma,0,256,,0.01,,,,,,,1.0,0.001,1.0,1.0,0.0,0.5,52.62652587890625,44.53947854042053,ok,
humanoid_standup,er_cma,0,256,,0.1,,,,,,,1.0,0.001,1.0,1.0,0.0,0.5,43.20730972290039,44.78275179862976,ok,
humanoid_standup,er_cma,0,256,,0.5,,,,,,,1.0,0.001,1.0,1.0,0.0,0.5,43.230464935302734,44.56252193450928,ok,
humanoid_standup,er_cma,0,256,,1.0,,,,,,,1.0,0.001,1.0,1.0,0.0,0.5,45.708763122558594,44.933510303497314,ok,
humanoid_standup,er_cma,0,256,,0.01,,,,,,,1.0,0.001,1.0,0.05,0.1,0.1,35.5026969909668,45.27148628234863,ok,
humanoid_standup,er_cma,0,256,,0.1,,,,,,,1.0,0.001,1.0,0.05,0.1,0.1,32.578948974609375,44.87810754776001,ok,
humanoid_standup,er_cma,0,256,,0.5,,,,,,,1.0,0.001,1.0,0.05,0.1,0.1,31.852014541625977,44.23703742027283,ok,
humanoid_standup,er_cma,0,256,,1.0,,,,,,,1.0,0.001,1.0,0.05,0.1,0.1,33.442779541015625,44.38230562210083,ok,
humanoid_standup,er_cma,0,256,,0.01,,,,,,,1.0,0.001,1.0,0.1,0.1,0.1,35.5769157409668,44.540438413619995,ok,
humanoid_standup,er_cma,0,256,,0.1,,,,,,,1.0,0.001,1.0,0.1,0.1,0.1,31.977190017700195,45.13757634162903,ok,
humanoid_standup,er_cma,0,256,,0.5,,,,,,,1.0,0.001,1.0,0.1,0.1,0.1,31.746400833129883,44.37082886695862,ok,
humanoid_standup,er_cma,0,256,,1.0,,,,,,,1.0,0.001,1.0,0.1,0.1,0.1,32.224632263183594,44.657525300979614,ok,
humanoid_standup,er_cma,0,256,,0.01,,,,,,,1.0,0.001,1.0,0.3,0.1,0.1,42.77193832397461,44.73702621459961,ok,
humanoid_standup,er_cma,0,256,,0.1,,,,,,,1.0,0.001,1.0,0.3,0.1,0.1,35.10854721069336,44.4993782043457,ok,
humanoid_standup,er_cma,0,256,,0.5,,,,,,,1.0,0.001,1.0,0.3,0.1,0.1,34.02975082397461,44.6063814163208,ok,
humanoid_standup,er_cma,0,256,,1.0,,,,,,,1.0,0.001,1.0,0.3,0.1,0.1,32.9731559753418,44.254037380218506,ok,
humanoid_standup,er_cma,0,256,,0.01,,,,,,,1.0,0.001,1.0,1.0,0.1,0.1,52.055511474609375,44.52495241165161,ok,
humanoid_standup,er_cma,0,256,,0.1,,,,,,,1.0,0.001,1.0,1.0,0.1,0.1,54.483360290527344,44.36060333251953,ok,
humanoid_standup,er_cma,0,256,,0.5,,,,,,,1.0,0.001,1.0,1.0,0.1,0.1,51.639007568359375,44.58012056350708,ok,
humanoid_standup,er_cma,0,256,,1.0,,,,,,,1.0,0.001,1.0,1.0,0.1,0.1,42.49128723144531,44.73841571807861,ok,
humanoid_standup,er_cma,0,256,,0.01,,,,,,,1.0,0.001,1.0,0.05,0.1,0.3,34.88816833496094,44.51561641693115,ok,
humanoid_standup,er_cma,0,256,,0.1,,,,,,,1.0,0.001,1.0,0.05,0.1,0.3,31.913938522338867,44.800132274627686,ok,
humanoid_standup,er_cma,0,256,,0.5,,,,,,,1.0,0.001,1.0,0.05,0.1,0.3,32.27998733520508,44.33994388580322,ok,
humanoid_standup,er_cma,0,256,,1.0,,,,,,,1.0,0.001,1.0,0.05,0.1,0.3,32.5250129699707,44.50650072097778,ok,
humanoid_standup,er_cma,0,256,,0.01,,,,,,,1.0,0.001,1.0,0.1,0.1,0.3,35.25691604614258,44.44349956512451,ok,
humanoid_standup,er_cma,0,256,,0.1,,,,,,,1.0,0.001,1.0,0.1,0.1,0.3,33.03895950317383,44.419923305511475,ok,
humanoid_standup,er_cma,0,256,,0.5,,,,,,,1.0,0.001,1.0,0.1,0.1,0.3,32.24300003051758,44.75152945518494,ok,
humanoid_standup,er_cma,0,256,,1.0,,,,,,,1.0,0.001,1.0,0.1,0.1,0.3,33.82208251953125,44.51306986808777,ok,
humanoid_standup,er_cma,0,256,,0.01,,,,,,,1.0,0.001,1.0,0.3,0.1,0.3,50.38728332519531,44.510446071624756,ok,
humanoid_standup,er_cma,0,256,,0.1,,,,,,,1.0,0.001,1.0,0.3,0.1,0.3,34.27234649658203,44.287424087524414,ok,
humanoid_standup,er_cma,0,256,,0.5,,,,,,,1.0,0.001,1.0,0.3,0.1,0.3,33.080841064453125,44.51821970939636,ok,
humanoid_standup,er_cma,0,256,,1.0,,,,,,,1.0,0.001,1.0,0.3,0.1,0.3,32.916873931884766,44.75158476829529,ok,
humanoid_standup,er_cma,0,256,,0.01,,,,,,,1.0,0.001,1.0,1.0,0.1,0.3,52.86111068725586,44.7145037651062,ok,
humanoid_standup,er_cma,0,256,,0.1,,,,,,,1.0,0.001,1.0,1.0,0.1,0.3,44.684303283691406,44.38260865211487,ok,
humanoid_standup,er_cma,0,256,,0.5,,,,,,,1.0,0.001,1.0,1.0,0.1,0.3,38.255672454833984,44.68258857727051,ok,
humanoid_standup,er_cma,0,256,,1.0,,,,,,,1.0,0.001,1.0,1.0,0.1,0.3,33.10466766357422,44.69015336036682,ok,
humanoid_standup,er_cma,0,256,,0.01,,,,,,,1.0,0.001,1.0,0.05,0.1,0.5,35.917720794677734,44.029590368270874,ok,
humanoid_standup,er_cma,0,256,,0.1,,,,,,,1.0,0.001,1.0,0.05,0.1,0.5,33.195640563964844,44.828845739364624,ok,
humanoid_standup,er_cma,0,256,,0.5,,,,,,,1.0,0.001,1.0,0.05,0.1,0.5,31.597875595092773,44.345962047576904,ok,
humanoid_standup,er_cma,0,256,,1.0,,,,,,,1.0,0.001,1.0,0.05,0.1,0.5,32.86098861694336,44.52010107040405,ok,
humanoid_standup,er_cma,0,256,,0.01,,,,,,,1.0,0.001,1.0,0.1,0.1,0.5,33.30503463745117,44.28203582763672,ok,
humanoid_standup,er_cma,0,256,,0.1,,,,,,,1.0,0.001,1.0,0.1,0.1,0.5,32.126075744628906,44.193626403808594,ok,
humanoid_standup,er_cma,0,256,,0.5,,,,,,,1.0,0.001,1.0,0.1,0.1,0.5,32.67551040649414,45.880956411361694,ok,
humanoid_standup,er_cma,0,256,,1.0,,,,,,,1.0,0.001,1.0,0.1,0.1,0.5,32.74721145629883,45.32352614402771,ok,
humanoid_standup,er_cma,0,256,,0.01,,,,,,,1.0,0.001,1.0,0.3,0.1,0.5,41.2311897277832,44.875611782073975,ok,
humanoid_standup,er_cma,0,256,,0.1,,,,,,,1.0,0.001,1.0,0.3,0.1,0.5,33.028995513916016,45.894657611846924,ok,
humanoid_standup,er_cma,0,256,,0.5,,,,,,,1.0,0.001,1.0,0.3,0.1,0.5,31.993335723876953,44.781400203704834,ok,
humanoid_standup,er_cma,0,256,,1.0,,,,,,,1.0,0.001,1.0,0.3,0.1,0.5,34.68412399291992,44.3656165599823,ok,
humanoid_standup,er_cma,0,256,,0.01,,,,,,,1.0,0.001,1.0,1.0,0.1,0.5,44.41654586791992,44.55997371673584,ok,
humanoid_standup,er_cma,0,256,,0.1,,,,,,,1.0,0.001,1.0,1.0,0.1,0.5,52.882530212402344,44.734172344207764,ok,
humanoid_standup,er_cma,0,256,,0.5,,,,,,,1.0,0.001,1.0,1.0,0.1,0.5,42.81086349487305,44.53154373168945,ok,
humanoid_standup,er_cma,0,256,,1.0,,,,,,,1.0,0.001,1.0,1.0,0.1,0.5,34.169776916503906,44.6012237071991,ok,
humanoid_standup,er_cma,0,256,,0.01,,,,,,,1.0,0.001,1.0,0.05,0.3,0.3,35.28182601928711,44.59392023086548,ok,
humanoid_standup,er_cma,0,256,,0.1,,,,,,,1.0,0.001,1.0,0.05,0.3,0.3,32.39900207519531,44.5438871383667,ok,
humanoid_standup,er_cma,0,256,,0.5,,,,,,,1.0,0.001,1.0,0.05,0.3,0.3,31.611629486083984,44.471718311309814,ok,
humanoid_standup,er_cma,0,256,,1.0,,,,,,,1.0,0.001,1.0,0.05,0.3,0.3,33.38306427001953,44.29942059516907,ok,
humanoid_standup,er_cma,0,256,,0.01,,,,,,,1.0,0.001,1.0,0.1,0.3,0.3,38.262088775634766,44.396679162979126,ok,
humanoid_standup,er_cma,0,256,,0.1,,,,,,,1.0,0.001,1.0,0.1,0.3,0.3,32.503910064697266,44.28903555870056,ok,
humanoid_standup,er_cma,0,256,,0.5,,,,,,,1.0,0.001,1.0,0.1,0.3,0.3,32.758583068847656,44.42245602607727,ok,
humanoid_standup,er_cma,0,256,,1.0,,,,,,,1.0,0.001,1.0,0.1,0.3,0.3,32.51401901245117,44.236584186553955,ok,
humanoid_standup,er_cma,0,256,,0.01,,,,,,,1.0,0.001,1.0,0.3,0.3,0.3,40.388160705566406,46.030465841293335,ok,
humanoid_standup,er_cma,0,256,,0.1,,,,,,,1.0,0.001,1.0,0.3,0.3,0.3,33.7911376953125,44.40105867385864,ok,
humanoid_standup,er_cma,0,256,,0.5,,,,,,,1.0,0.001,1.0,0.3,0.3,0.3,31.626251220703125,44.5982551574707,ok,
humanoid_standup,er_cma,0,256,,1.0,,,,,,,1.0,0.001,1.0,0.3,0.3,0.3,33.10817337036133,45.94795823097229,ok,
humanoid_standup,er_cma,0,256,,0.01,,,,,,,1.0,0.001,1.0,1.0,0.3,0.3,49.068302154541016,44.75916576385498,ok,
humanoid_standup,er_cma,0,256,,0.1,,,,,,,1.0,0.001,1.0,1.0,0.3,0.3,46.79231262207031,44.364784479141235,ok,
humanoid_standup,er_cma,0,256,,0.5,,,,,,,1.0,0.001,1.0,1.0,0.3,0.3,31.952402114868164,46.75418829917908,ok,
humanoid_standup,er_cma,0,256,,1.0,,,,,,,1.0,0.001,1.0,1.0,0.3,0.3,33.007389068603516,44.774383544921875,ok,
humanoid_standup,er_cma,0,256,,0.01,,,,,,,1.0,0.001,1.0,0.05,0.3,0.5,35.27403259277344,44.38024020195007,ok,
humanoid_standup,er_cma,0,256,,0.1,,,,,,,1.0,0.001,1.0,0.05,0.3,0.5,32.3499755859375,45.33834409713745,ok,
humanoid_standup,er_cma,0,256,,0.5,,,,,,,1.0,0.001,1.0,0.05,0.3,0.5,31.792388916015625,44.64268779754639,ok,
humanoid_standup,er_cma,0,256,,1.0,,,,,,,1.0,0.001,1.0,0.05,0.3,0.5,32.77861022949219,44.96515607833862,ok,
humanoid_standup,er_cma,0,256,,0.01,,,,,,,1.0,0.001,1.0,0.1,0.3,0.5,38.0095100402832,44.58042645454407,ok,
humanoid_standup,er_cma,0,256,,0.1,,,,,,,1.0,0.001,1.0,0.1,0.3,0.5,32.90509033203125,44.80379509925842,ok,
humanoid_standup,er_cma,0,256,,0.5,,,,,,,1.0,0.001,1.0,0.1,0.3,0.5,32.658451080322266,44.39351487159729,ok,
humanoid_standup,er_cma,0,256,,1.0,,,,,,,1.0,0.001,1.0,0.1,0.3,0.5,33.7376823425293,44.902023792266846,ok,
humanoid_standup,er_cma,0,256,,0.01,,,,,,,1.0,0.001,1.0,0.3,0.3,0.5,42.27740478515625,45.04713416099548,ok,
humanoid_standup,er_cma,0,256,,0.1,,,,,,,1.0,0.001,1.0,0.3,0.3,0.5,33.73143005371094,45.08777618408203,ok,
humanoid_standup,er_cma,0,256,,0.5,,,,,,,1.0,0.001,1.0,0.3,0.3,0.5,31.963899612426758,44.569361209869385,ok,
humanoid_standup,er_cma,0,256,,1.0,,,,,,,1.0,0.001,1.0,0.3,0.3,0.5,33.401546478271484,45.981919288635254,ok,
humanoid_standup,er_cma,0,256,,0.01,,,,,,,1.0,0.001,1.0,1.0,0.3,0.5,51.201255798339844,44.76023077964783,ok,
humanoid_standup,er_cma,0,256,,0.1,,,,,,,1.0,0.001,1.0,1.0,0.3,0.5,49.90764617919922,44.73430633544922,ok,
humanoid_standup,er_cma,0,256,,0.5,,,,,,,1.0,0.001,1.0,1.0,0.3,0.5,33.34979248046875,44.42560696601868,ok,
humanoid_standup,er_cma,0,256,,1.0,,,,,,,1.0,0.001,1.0,1.0,0.3,0.5,32.848148345947266,44.15352487564087,ok,
humanoid_standup,er_cma,0,256,,0.01,,,,,,,1.0,0.001,1.0,0.05,0.5,0.5,35.9763069152832,44.32208871841431,ok,
humanoid_standup,er_cma,0,256,,0.1,,,,,,,1.0,0.001,1.0,0.05,0.5,0.5,32.60332107543945,44.49755001068115,ok,
humanoid_standup,er_cma,0,256,,0.5,,,,,,,1.0,0.001,1.0,0.05,0.5,0.5,32.50883865356445,44.48470950126648,ok,
humanoid_standup,er_cma,0,256,,1.0,,,,,,,1.0,0.001,1.0,0.05,0.5,0.5,33.8892936706543,44.55161213874817,ok,
humanoid_standup,er_cma,0,256,,0.01,,,,,,,1.0,0.001,1.0,0.1,0.5,0.5,34.82013702392578,44.651023626327515,ok,
humanoid_standup,er_cma,0,256,,0.1,,,,,,,1.0,0.001,1.0,0.1,0.5,0.5,33.21869659423828,44.425461530685425,ok,
humanoid_standup,er_cma,0,256,,0.5,,,,,,,1.0,0.001,1.0,0.1,0.5,0.5,31.502531051635742,44.56983280181885,ok,
humanoid_standup,er_cma,0,256,,1.0,,,,,,,1.0,0.001,1.0,0.1,0.5,0.5,32.78914260864258,44.85761785507202,ok,
humanoid_standup,er_cma,0,256,,0.01,,,,,,,1.0,0.001,1.0,0.3,0.5,0.5,50.97286605834961,44.52750611305237,ok,
humanoid_standup,er_cma,0,256,,0.1,,,,,,,1.0,0.001,1.0,0.3,0.5,0.5,32.60690689086914,45.571006298065186,ok,
humanoid_standup,er_cma,0,256,,0.5,,,,,,,1.0,0.001,1.0,0.3,0.5,0.5,31.766122817993164,44.670839071273804,ok,
humanoid_standup,er_cma,0,256,,1.0,,,,,,,1.0,0.001,1.0,0.3,0.5,0.5,33.21580123901367,44.381285429000854,ok,
humanoid_standup,er_cma,0,256,,0.01,,,,,,,1.0,0.001,1.0,1.0,0.5,0.5,51.940330505371094,45.12454962730408,ok,
humanoid_standup,er_cma,0,256,,0.1,,,,,,,1.0,0.001,1.0,1.0,0.5,0.5,43.596309661865234,46.05963945388794,ok,
humanoid_standup,er_cma,0,256,,0.5,,,,,,,1.0,0.001,1.0,1.0,0.5,0.5,31.801416397094727,44.506104707717896,ok,
humanoid_standup,er_cma,0,256,,1.0,,,,,,,1.0,0.001,1.0,1.0,0.5,0.5,33.58971405029297,44.47277879714966,ok,
